method,dataset,target,auc_mean,auc_sample_std,original_accuracy_mean,original_accuracy_sample_std,released_exact_unsupervised_label_balanced_accuracy_mean,released_exact_unsupervised_label_balanced_accuracy_sample_std,paper_intended_100_shot_unsupervised_label_balanced_accuracy_mean,paper_intended_100_shot_unsupervised_label_balanced_accuracy_sample_std,paper_intended_100_shot_supervised_accuracy_mean,paper_intended_100_shot_supervised_accuracy_sample_std,strict_label_free_random_100_shot_heldout_accuracy_mean,strict_label_free_random_100_shot_heldout_accuracy_sample_std,full_target_transductive_unsupervised_accuracy_mean,full_target_transductive_unsupervised_accuracy_sample_std,full_target_label_oracle_accuracy_mean,full_target_label_oracle_accuracy_sample_std,strict_label_free_accuracy_delta_mean,strict_label_free_accuracy_delta_sample_std
univfd,genimage,Mean,0.7993386215897818,0.001071564470362975,0.625828869047619,0.0003388219993184971,0.7343541666666666,0.0005850466820531078,0.7338269345238095,0.0014148449077134625,0.7273400297619048,0.003946960619390983,0.7332583221968032,0.0007125149759312361,0.7350416666666667,0.0008796745075475486,0.7364583333333334,0.0010143615134878398,0.10742945314918423,0.0010513369752497331
univfd,genimage,BigGAN,0.7422487291666666,0.001367220424206766,0.5444583333333333,0.0005303300858898523,0.679375,0.0007660323462854206,0.6786583333333334,0.00032998316455376433,0.6746583333333334,0.002415948169054085,0.6783823529411764,0.0005288445674420567,0.67925,0.0010606601717798615,0.6806666666666666,0.0016499158227685862,0.13392401960784311,0.001059174653331909
univfd,genimage,ADM,0.6242424027777778,0.0013544041137976957,0.513625,0.0006481812160876757,0.5913333333333334,0.00011785113019774494,0.5938833333333333,0.0010370899457403909,0.5756333333333332,0.003146625176280104,0.593546218487395,0.0009863842493863168,0.5944166666666666,0.001060660171779783,0.5972500000000001,0.00035355339059331333,0.07992121848739497,0.00033820303329864116
univfd,genimage,glide,0.8230700138888889,0.001186348402135675,0.615,0.0,0.7442083333333334,0.0005303300858899308,0.7431083333333334,0.002474873734152958,0.7414458333333334,0.004248533243629137,0.7428571428571429,0.0002971036895741786,0.744625,0.0007660323462854206,0.7452083333333333,0.0014731391274719688,0.1278571428571429,0.0002971036895741786
univfd,genimage,stable_diffusion_v_1_5,0.9504775664062499,0.0008057205558033938,0.78584375,0.0003093592167691001,0.8815625,0.0018561553006146792,0.879996875,0.002161095100001452,0.878846875,0.00244393781247604,0.8787704402515724,0.0010717782029306306,0.8823749999999999,0.0013258252147247483,0.8828750000000001,0.0009722718241315135,0.09292669025157235,0.0013811374196997306
univfd,genimage,VQDM,0.6830440694444444,0.0010106520088659953,0.52825,0.00035355339059323483,0.6326666666666667,0.0020034692133618997,0.6309916666666668,0.0016263455967291157,0.6161291666666666,0.012403831453314107,0.6319957983193276,0.0008616006997651336,0.6319166666666667,0.00047140452079097976,0.6337916666666668,0.001237436867076479,0.10374579831932768,0.0012151540903583683
univfd,genimage,wukong,0.9035219513888888,0.000903810138414167,0.70025,0.0007071067811865481,0.8275416666666666,0.0006481812160876757,0.8262083333333332,0.001107800623859038,0.8238708333333333,0.003541426462442589,0.8247268907563026,0.0013726190458327803,0.8280416666666667,0.0004124789556921858,0.8287916666666667,0.0007660323462854206,0.12447689075630258,0.0020797258270193286
univfd,genimage,Midjourney,0.8687656180555555,0.0008727956493168969,0.6933750000000001,0.001119585736878734,0.7837916666666667,0.00029462782549444087,0.7839416666666668,0.001166726188957832,0.7807958333333334,0.0005715779814591022,0.7825294117647059,0.00013072562341267938,0.7846666666666666,0.001060660171779783,0.786625,0.0006481812160876757,0.08915441176470584,0.0009888601134660545
univfd,aigc_detection_benchmark,Mean,0.7779372058823528,0.0010701853160675417,0.6192794117647058,0.0002703643575125245,0.7179558823529412,6.239177481055238e-05,0.7173088235294117,0.00098163059035312,0.7148191176470589,0.0013913365782759147,0.7174272445820433,0.0006786473751325982,0.7185735294117648,0.0014350108206432543,0.7240735294117646,0.0005615259732952069,0.09814783281733752,0.0009490117326451227
univfd,aigc_detection_benchmark,ProGAN,0.7727277499999999,0.0005674531919022322,0.66525,0.001767766952966331,0.717,0.007071067811865481,0.71775,0.00042426406871188177,0.714375,0.002439518395093556,0.7174473684210526,0.0018980234652902453,0.72075,0.00035355339059323483,0.72375,0.00035355339059323483,0.0521973684210526,0.00013025651232391426
univfd,aigc_detection_benchmark,StyleGAN,0.5960325,0.003965454828894199,0.5275000000000001,0.0021213203435596446,0.5785,0.0021213203435596446,0.572075,0.0018738329701443802,0.5597,0.009475230867899793,0.5728684210526316,0.0021213203435596446,0.572,0.004242640687119289,0.58125,0.003181980515339506,0.0453684210526315,0.0
univfd,aigc_detection_benchmark,BigGAN,0.760054,4.52548339959843e-05,0.532,0.0007071067811865481,0.698,0.0007071067811865481,0.6954499999999999,7.850462293418876e-17,0.6910999999999999,0.0030405591591021333,0.6958157894736843,0.0026423463928549875,0.6975,0.0021213203435596446,0.70175,0.001767766952966331,0.16381578947368425,0.0019352396116684393
univfd,aigc_detection_benchmark,CycleGAN,0.790789,0.0016963491680664774,0.6335,0.0021213203435596446,0.7185,0.0028284271247461927,0.715625,0.001025304832720538,0.7207,0.0009899494936612145,0.7186842105263158,0.0014886458551295627,0.71925,0.002474873734152879,0.7302500000000001,0.0017677669529664096,0.08518421052631575,0.0006326744884300818
univfd,aigc_detection_benchmark,StarGAN,0.83273175,0.0005815953275259772,0.70825,0.002474873734152879,0.7549999999999999,0.0007071067811865481,0.7574749999999999,0.0007424621202457931,0.7568250000000001,0.001237436867076479,0.7566842105263158,0.0019352396116683608,0.7565,0.0021213203435596446,0.762,0.0007071067811865481,0.0484342105263158,0.0005396341224845185
univfd,aigc_detection_benchmark,GauGAN,0.8600397500000001,0.0005073491155012174,0.5860000000000001,0.0007071067811865481,0.782,0.0035355339059327407,0.7812999999999999,0.00014142135623729392,0.7803,0.0013435028842545278,0.7810263157894737,0.0001116484391348173,0.78225,0.00035355339059323483,0.7847500000000001,0.001060660171779783,0.1950263157894736,0.0008187552203213654
univfd,aigc_detection_benchmark,StyleGAN2,0.558979,0.002368807716974909,0.502,0.0014142135623730963,0.54125,0.0045961940777125235,0.543925,0.003500178566873417,0.535825,0.0026516504294496535,0.5431315789473684,0.0023446172218290436,0.5435,0.0014142135623730963,0.5547500000000001,0.003181980515339506,0.04113157894736841,0.0009304036594559472
univfd,aigc_detection_benchmark,WFIR,0.6138575,0.0017097841969090154,0.53325,0.001767766952966331,0.5785,0.004949747468305837,0.5809,0.0004949747468306857,0.5827,0.00042426406871188177,0.5801052631578947,0.002977291710259204,0.58125,0.001060660171779783,0.5952500000000001,0.0017677669529664096,0.04685526315789473,0.0012095247572928727
univfd,aigc_detection_benchmark,ADM,0.61445975,0.0015446747635020368,0.5085,0.0014142135623730963,0.5855,0.0028284271247461927,0.584325,0.0018031222920257331,0.575175,0.0016617009357883608,0.5842368421052632,0.0002605130246476715,0.58525,0.002474873734152879,0.5905,0.0,0.07573684210526321,0.0011537005377254249
univfd,aigc_detection_benchmark,GLIDE,0.8273675,0.0014375480861522954,0.60625,0.001060660171779783,0.7589999999999999,0.0007071067811865481,0.7570749999999999,0.0016617009357884393,0.7543500000000001,0.001272792206135724,0.7571315789473685,0.0021213203435596446,0.76,0.0014142135623730963,0.7617499999999999,0.00035355339059331333,0.15088157894736842,0.0031819805153394274
univfd,aigc_detection_benchmark,Midjourney,0.86676125,0.0008319111280659121,0.6785,0.0,0.7867500000000001,0.003181980515339506,0.78535,0.0007778174593052736,0.7846,0.002333452377915664,0.7860789473684211,0.0010048359522124137,0.7869999999999999,0.0007071067811865481,0.791,0.0014142135623730963,0.10757894736842105,0.0010048359522124137
univfd,aigc_detection_benchmark,SD v1.4,0.9472832499999999,0.0006926110921721603,0.7875000000000001,0.0021213203435596446,0.8755,0.002828427124746114,0.875875,0.0003889087296525583,0.875875,3.535533905932348e-05,0.8755526315789474,0.00018608073189112665,0.877,0.0014142135623730963,0.8787499999999999,0.001060660171779783,0.08805263157894733,0.0023074010754507712
univfd,aigc_detection_benchmark,SD v1.5,0.9549375,0.0006979143930310942,0.7785,0.0021213203435596446,0.88525,0.0010606601717798615,0.883775,0.0011667261889579104,0.883575,0.001166726188957832,0.8831578947368421,0.0018608073189118944,0.88525,0.00035355339059323483,0.88775,0.00035355339059331333,0.10465789473684212,0.003982127662471539
univfd,aigc_detection_benchmark,VQDM,0.6753155,0.001175211470332079,0.518,0.0021213203435596446,0.63425,0.00035355339059323483,0.631375,0.0006010407640084992,0.6267499999999999,0.0037476659402886033,0.6325789473684211,0.0011164843913471524,0.6345,0.0014142135623730963,0.639,0.0014142135623730963,0.11457894736842111,0.003237804734906797
univfd,aigc_detection_benchmark,Wukong,0.9098179999999999,0.000778524566086402,0.69025,0.00035355339059331333,0.82975,0.001767766952966331,0.8306250000000001,0.00031819805153398986,0.8309249999999999,0.0003889087296525583,0.829078947368421,0.0019724557580467904,0.831,0.0028284271247461927,0.83475,0.0010606601717798615,0.13882894736842105,0.001618902367453477
univfd,aigc_detection_benchmark,DALL-E2,0.75732425,0.002930604054627643,0.5845,0.0,0.688,0.0007071067811865481,0.68855,0.0019091883092037035,0.686275,0.0045608387386532,0.6887105263157894,0.003237804734906797,0.6877500000000001,0.002474873734152879,0.6925,0.0014142135623730963,0.10421052631578942,0.003237804734906797
univfd,aigc_detection_benchmark,SDXL,0.8864542499999999,0.002379767872083341,0.688,0.00424264068711921,0.7925,0.0014142135623730963,0.7928,0.003111269837220702,0.792875,0.002015254326381674,0.7939736842105263,0.00413099224798455,0.795,0.004242640687119289,0.7995,0.0,0.10597368421052628,0.00011164843913466029
univfd,aigi_holmes_p3,Mean,0.8785733499999999,0.0008545385450639828,0.6817249999999999,0.0002474873734152644,0.8061499999999999,0.0019091883092037035,0.8061525,0.001219759197546778,0.80507,0.0006788225099390579,0.8047236842105263,0.0003014507856637633,0.807725,0.002015254326381674,0.8115749999999999,0.0010960155108391849,0.12299868421052634,5.396341224849895e-05
univfd,aigi_holmes_p3,Janus,0.72168075,0.0016040717331216878,0.54375,0.00035355339059331333,0.656,0.0028284271247461927,0.657625,0.0027930717856867906,0.654925,0.0032173358543988295,0.656,0.0019352396116684393,0.656,0.0028284271247461927,0.6665,0.0014142135623730963,0.11225000000000002,0.0022887930022617528
univfd,aigi_holmes_p3,Janus-Pro-1B,0.9264694999999998,0.0004794183976445269,0.69025,0.0017677669529664096,0.85075,0.00035355339059323483,0.850075,0.0013081475451950473,0.8512500000000001,7.071067811856845e-05,0.8476315789473684,0.0014886458551294842,0.85075,0.00035355339059323483,0.85375,0.00035355339059323483,0.15738157894736843,0.0032564128080958938
univfd,aigi_holmes_p3,Janus-Pro-7B,0.88160125,0.0009945456877389414,0.66025,0.0010606601717798615,0.7989999999999999,0.0035355339059327407,0.7985500000000001,0.001060660171779783,0.79805,0.002474873734152958,0.7945,0.004726450590036438,0.79975,0.0017677669529664096,0.8029999999999999,0.0007071067811865481,0.13424999999999998,0.005787110761816299
univfd,aigi_holmes_p3,Show-o,0.95068975,0.0011699081694730665,0.7835,0.0014142135623730963,0.877,0.0028284271247461927,0.8754,0.0021920310216782127,0.8745,0.0016263455967291157,0.8731052631578946,0.0008187552203212869,0.877,0.0028284271247461927,0.87775,0.002474873734152879,0.08960526315789469,0.0005954583420518094
univfd,aigi_holmes_p3,LlamaGen,0.9464904999999999,0.0003104198769409497,0.73275,0.001767766952966331,0.88,0.005656854249492385,0.879675,0.0005303300858898523,0.8781249999999999,0.0004596194077712838,0.8755263157894737,0.0011164843913473094,0.88525,0.0010606601717798615,0.886,0.0014142135623730963,0.14277631578947364,0.0006512825616190218
univfd,aigi_holmes_p3,Infinity,0.95636525,0.0011140467337592932,0.81225,0.00035355339059323483,0.8867499999999999,0.006010407640085699,0.883775,0.003075914498161457,0.8826999999999998,0.0023334523779155853,0.8826578947368422,0.0022701849290725773,0.8835,0.0035355339059327407,0.88925,0.002474873734152958,0.07040789473684211,0.0019166315384793423
univfd,aigi_holmes_p3,VAR,0.71131575,0.0003433003422660098,0.529,0.0,0.651,0.0007071067811865481,0.65115,0.0,0.648875,0.00031819805153398986,0.6526315789473685,0.0003721614637824103,0.65225,0.0045961940777125235,0.6585000000000001,0.0007071067811865481,0.12363157894736843,0.0003721614637824103
univfd,aigi_holmes_p3,PixArt-XL,0.93587975,0.0009111070875588847,0.7597499999999999,0.00035355339059331333,0.8545,0.0007071067811865481,0.8588500000000001,0.00035355339059331333,0.8586500000000001,0.00042426406871196026,0.8594473684210526,0.00048380990291707057,0.86025,0.0017677669529664096,0.8645,0.0014142135623730963,0.0996973684210527,0.0008373632935103839
univfd,aigi_holmes_p3,SD3.5-L,0.835615,0.0013569379130969875,0.5780000000000001,0.0007071067811865481,0.7629999999999999,0.009192388155425125,0.764875,0.0012374368670764004,0.7637750000000001,0.002156675682618968,0.7637368421052633,0.003796046930580412,0.7675000000000001,0.0007071067811865481,0.77,0.0035355339059327407,0.1857368421052632,0.003088940149393864
univfd,aigi_holmes_p3,FLUX,0.919626,0.0015690699474528499,0.72775,0.002474873734152958,0.8434999999999999,0.0021213203435596446,0.84155,0.0007071067811865481,0.83985,0.000919238815542332,0.8420000000000001,0.00133978126961663,0.845,0.0028284271247461927,0.8465,0.0021213203435596446,0.11425000000000002,0.0038146550037695876
univfd,opensdid_global,Mean,0.9225201000000001,0.0011525840533341653,0.7293499999999999,0.0007778174593051951,0.84275,0.0010606601717798615,0.8416,0.0011030865786510182,0.8408800000000001,0.0013152186130070377,0.8408473684210527,0.0011685869962767023,0.8429,0.0016970562748477628,0.846,0.0014142135623730963,0.11149736842105268,0.00039076953697150726
univfd,opensdid_global,SD1.5,0.9361524999999999,0.0008244865068635146,0.745,0.0,0.8625,0.004949747468305837,0.859575,0.001166726188957832,0.858725,0.000883883476483244,0.8578947368421053,0.0011164843913471524,0.86475,0.001767766952966331,0.8652500000000001,0.0017677669529664096,0.11289473684210521,0.0011164843913471524
univfd,opensdid_global,SD2.1,0.9387945,0.0007912524881478119,0.7545,0.0021213203435596446,0.86575,0.00035355339059323483,0.86405,0.0004949747468306073,0.8625500000000001,0.0006363961030679011,0.8612631578947368,0.002232968782694305,0.8640000000000001,0.0007071067811865481,0.8665,0.0007071067811865481,0.10676315789473684,0.00011164843913466029
univfd,opensdid_global,SDXL,0.885428,0.0017967583309951066,0.69025,0.0017677669529664096,0.7995000000000001,0.0021213203435596446,0.7994000000000001,0.0011313708498984299,0.7995000000000001,0.0014142135623731748,0.7998947368421053,0.0014142135623730963,0.79925,0.0010606601717798615,0.804,0.0021213203435596446,0.10964473684210535,0.00035355339059331333
univfd,opensdid_global,SD3,0.9319175,0.0011561195872401213,0.73075,0.00035355339059323483,0.85175,0.0031819805153394274,0.849525,0.002510229073212046,0.848975,0.0023688077169748303,0.8516315789473683,0.00133978126961663,0.8505,0.0028284271247461927,0.8555,0.0014142135623730963,0.12088157894736834,0.0016933346602098648
univfd,opensdid_global,Flux.1,0.920308,0.0011943033534241151,0.7262500000000001,0.00035355339059331333,0.8342499999999999,0.001060660171779783,0.83545,0.00021213203435601938,0.8346499999999999,0.001272792206135724,0.8335526315789474,0.0002605130246476715,0.8360000000000001,0.0021213203435596446,0.83875,0.0010606601717798615,0.10730263157894743,0.0006140664152409849
rine,genimage,Mean,0.8589263391617064,0.017489167523780873,0.551358630952381,0.03219650787313387,0.7927261904761904,0.0162971277187757,0.7923549107142857,0.01566851820823867,0.7913375,0.016109407704246386,0.7917907427121792,0.015519751777442189,0.7941130952380953,0.016393934004295282,0.7969032738095239,0.015688931707576462,0.24043211175979823,0.04771625965057606
rine,genimage,BigGAN,0.9009744375,0.040314917276077174,0.5019583333333333,0.0014731391274719688,0.8205,0.043015662522181614,0.8191416666666667,0.04200214280248093,0.8200583333333331,0.04385240554658576,0.8154663865546219,0.039734647443650795,0.8202499999999999,0.04466557834495028,0.8235416666666666,0.04319243921747823,0.31350805322128855,0.04120778657112276
rine,genimage,ADM,0.6500914166666667,0.016863377145562308,0.5002083333333334,0.00017677669529661742,0.6077083333333333,0.01054767615269935,0.607525,0.01088944443027273,0.5998958333333333,0.011991352497621843,0.6079327731092438,0.01183661099263533,0.608875,0.010901229543292663,0.6097916666666666,0.010665527282897094,0.10772443977591045,0.012013387687931948
rine,genimage,glide,0.8635392916666667,0.0494879287415122,0.5039583333333333,0.00276950155964732,0.7789999999999999,0.04631549416771886,0.7780958333333333,0.0479713025469973,0.7767333333333334,0.0485310954154367,0.7795252100840335,0.04901616670594805,0.7804583333333333,0.047317228774399776,0.783625,0.049909953638750476,0.27556687675070024,0.051785668265595365
rine,genimage,stable_diffusion_v_1_5,0.9899036171875,0.003278798901644803,0.70346875,0.12502531774854644,0.94425,0.0014142135623730963,0.944609375,0.008383634774443012,0.9482875000000002,0.007654430906344358,0.9447452830188678,0.010286402420657216,0.94825,0.0078665629407003,0.95103125,0.00738042702863466,0.24127653301886787,0.11473891532788924
rine,genimage,VQDM,0.7841112361111111,0.029531214772374248,0.5049166666666667,0.0045961940777125235,0.7093333333333334,0.02663435542469326,0.7108666666666666,0.02499622471494445,0.7044791666666668,0.028042676430556586,0.7100378151260504,0.025057725178686277,0.7124166666666667,0.026516504294495515,0.7135416666666666,0.02504336516702355,0.20512114845938367,0.029653919256398802
rine,genimage,wukong,0.9760506527777779,0.002055991533719891,0.6303749999999999,0.07430513758968635,0.91925,0.004242640687119289,0.9180291666666667,0.002374700273484914,0.9206958333333334,0.0032939390890275597,0.917655462184874,0.0017707379898621576,0.9200416666666666,0.0015909902576697137,0.9237083333333334,0.002180245908658517,0.287280462184874,0.07253439959982419
rine,genimage,Midjourney,0.8478137222222222,0.008438474833694955,0.514625,0.01702948831357595,0.7690416666666666,0.006776439986371119,0.7682166666666668,0.0054211519890966595,0.7692125,0.008703305965104446,0.7671722689075631,0.00494974746830568,0.7685,0.005185449728701327,0.7730833333333333,0.009428090415820694,0.252547268907563,0.012079740845270269
rine,aigc_detection_benchmark,Mean,0.8294610441176471,0.01683415353148293,0.5405,0.02641251800314457,0.7626470588235295,0.01301908367714055,0.7616882352941177,0.013355999261117673,0.7604088235294117,0.013738668813289239,0.760890092879257,0.013273029146545039,0.7625147058823529,0.012956691902329997,0.7685588235294117,0.01293589464405976,0.22039009287925704,0.03968554714968961
rine,aigc_detection_benchmark,ProGAN,0.81586175,0.030486555317467443,0.512,0.013435028842544414,0.73725,0.02085965004500313,0.7363999999999999,0.022768838354206757,0.7363999999999999,0.024183051916579854,0.736921052631579,0.02489760192704212,0.737,0.019091883092036722,0.7424999999999999,0.02262741699796946,0.22492105263157902,0.03833263076958653
rine,aigc_detection_benchmark,StyleGAN,0.7456940000000001,0.011296737936236197,0.5035000000000001,0.004949747468305837,0.6775,0.004242640687119289,0.675875,0.008732768747653922,0.67415,0.010535891039679496,0.6771052631578948,0.008559713666994966,0.67725,0.00601040764008562,0.68125,0.008131727983645342,0.17360526315789476,0.013509461135300802
rine,aigc_detection_benchmark,BigGAN,0.7967839999999999,0.02000829348045454,0.50225,0.0031819805153394274,0.72525,0.016617009357883843,0.72455,0.018031222920257016,0.72125,0.017819090885900998,0.7236052631578948,0.016337888260047076,0.72475,0.015202795795510824,0.7322500000000001,0.015909902576697374,0.22135526315789478,0.0195198687753865
rine,aigc_detection_benchmark,CycleGAN,0.8854647499999999,0.058836587495579566,0.5605,0.028284271247461926,0.80675,0.0526794551983978,0.80705,0.05077026688919417,0.804025,0.05257338918121975,0.8040789473684211,0.05184209190488733,0.8069999999999999,0.05444722215136421,0.8122499999999999,0.05197234841721125,0.24357894736842106,0.08012636315234926
rine,aigc_detection_benchmark,StarGAN,0.8198875000000001,0.04348635993619154,0.5015000000000001,0.0007071067811865481,0.73425,0.030052038200428257,0.73395,0.03203193718775053,0.7333749999999999,0.03496643032967485,0.7355263157894738,0.03200588588528587,0.735,0.03040559159102149,0.73975,0.034294678887547544,0.2340263157894738,0.031298779104099325
rine,aigc_detection_benchmark,GauGAN,0.85629175,0.023241539237429935,0.505,0.005656854249492385,0.7705,0.02333452377915609,0.773425,0.024359828611876626,0.76965,0.022061731573020285,0.7733684210526315,0.02478595348790738,0.77725,0.025102290732122497,0.78125,0.022273863607376307,0.26836842105263153,0.030442807737399765
rine,aigc_detection_benchmark,StyleGAN2,0.7329807500000001,0.026124413584327565,0.5025,0.0035355339059327407,0.6735,0.021920310216782913,0.6715,0.018950461735799586,0.6686000000000001,0.02043538597629125,0.6718947368421053,0.0209154742645705,0.6735,0.019798989873223347,0.6785,0.021920310216782913,0.16939473684210526,0.01737994035863776
rine,aigc_detection_benchmark,WFIR,0.7303897500000001,0.022848387867090213,0.5037499999999999,0.005303300858899072,0.67125,0.019445436482630113,0.6676,0.021071782079359228,0.666925,0.023935564543164665,0.6688421052631579,0.021287635728352912,0.6685,0.02262741699796954,0.6755,0.02050609665440982,0.16509210526315798,0.026590936587251982
rine,aigc_detection_benchmark,ADM,0.636447,0.020943088645183187,0.49975,0.00035355339059327403,0.601,0.014142135623730963,0.600775,0.01347038418160374,0.591175,0.012339013331705388,0.5988947368421053,0.012206896012062523,0.6,0.01555634918610406,0.6065,0.01626345596729061,0.09914473684210526,0.01185334262146925
rine,aigc_detection_benchmark,GLIDE,0.8663964999999998,0.04560273053228274,0.50625,0.00530330085889915,0.7895,0.05161879502661794,0.7873249999999999,0.04988638341271085,0.7862750000000001,0.051512729009439887,0.7872368421052631,0.049683555414949496,0.788,0.05303300858899111,0.7915,0.05020458146424484,0.28098684210526315,0.054986856273848646
rine,aigc_detection_benchmark,Midjourney,0.8455575,0.0032760257172373517,0.51625,0.019445436482630113,0.763,0.0028284271247461927,0.76295,0.00042426406871180327,0.767525,0.0059750523010262966,0.7621052631578948,0.0006698906348083542,0.76475,0.00035355339059331333,0.77275,0.006010407640085699,0.2458552631578948,0.020115327117438467
rine,aigc_detection_benchmark,SD v1.4,0.98792375,0.00480019438408486,0.70775,0.12975409434773147,0.94225,0.009545941546018361,0.9388000000000001,0.010677312395916868,0.942275,0.01127835315992529,0.9358684210526318,0.00986227879023348,0.94175,0.011667261889578005,0.94475,0.010960155108391456,0.2281184210526318,0.11989181555749799
rine,aigc_detection_benchmark,SD v1.5,0.9903497499999999,0.0019929804627743246,0.7065,0.1258650070512054,0.9395,0.009899494936611674,0.94315,0.013010764773832454,0.9478,0.011737972567696651,0.9422631578947369,0.01808704713982415,0.94275,0.014495689014324197,0.9535,0.009899494936611674,0.23576315789473684,0.10777795991138125
rine,aigc_detection_benchmark,VQDM,0.7783570000000001,0.031933649345165675,0.503,0.004949747468305798,0.7092499999999999,0.02156675682618976,0.70685,0.020718228688765918,0.7004999999999999,0.025738686835190323,0.7056315789473684,0.023148443047264804,0.7065,0.021213203435596444,0.714,0.019798989873223347,0.20263157894736847,0.028098190515570602
rine,aigc_detection_benchmark,Wukong,0.97662125,0.00300131473274629,0.6375,0.07495331880577402,0.9235,0.0021213203435596446,0.9201499999999999,0.0007778174593051166,0.9192499999999999,0.003676955262169878,0.9179736842105264,0.003609966198689207,0.9235,0.0028284271247461927,0.925,0.0035355339059327407,0.2804736842105264,0.07134335260708483
rine,aigc_detection_benchmark,DALL-E2,0.72287325,0.04563278257048321,0.502,0.0014142135623730963,0.6595,0.036062445840513956,0.66025,0.03471894295625959,0.6579250000000001,0.03864338559184489,0.6604736842105263,0.03364339632592837,0.6585,0.03252691193458122,0.6699999999999999,0.03747665940288705,0.15847368421052627,0.035057609888301464
rine,aigc_detection_benchmark,SDXL,0.9129575000000001,0.028941173447184356,0.5185,0.024041630560342638,0.84125,0.022980970388562852,0.8380999999999998,0.02566797615707175,0.83985,0.027647875144394023,0.8333421052631579,0.020952690410948775,0.83675,0.02580939751330897,0.84425,0.027223611075682143,0.3148421052631579,0.003088940149393864
rine,aigi_holmes_p3,Mean,0.8681806999999999,0.01103072436515394,0.5111749999999999,0.0112076424818068,0.7939499999999999,0.01329360748630712,0.7946325000000001,0.01219405644156198,0.7953075000000001,0.011741508101602608,0.7926131578947369,0.01223294731452726,0.7965249999999999,0.012833988078535837,0.802775,0.010217692988145665,0.2814381578947368,0.02344058979633406
rine,aigi_holmes_p3,Janus,0.721763,0.005164707929786527,0.501,0.0014142135623730963,0.6637500000000001,0.006717514421272168,0.6581250000000001,0.008732768747653922,0.660175,0.004207285348059965,0.6615263157894736,0.004689234443658244,0.66275,0.006010407640085699,0.6705,0.0,0.16052631578947363,0.0032750208812851477
rine,aigi_holmes_p3,Janus-Pro-1B,0.858783,0.037430697462110016,0.512,0.00777817459305203,0.776,0.04101219330881979,0.7730000000000001,0.04087077195258242,0.7724,0.04108290398693844,0.7726842105263159,0.039076953697151355,0.77525,0.04136574669941303,0.7797499999999999,0.036415999231107186,0.2606842105263159,0.046855128290203385
rine,aigi_holmes_p3,Janus-Pro-7B,0.8314027500000001,0.026411498937489394,0.50325,0.0031819805153394274,0.7585,0.024748737341529183,0.7565000000000001,0.027223611075682063,0.75255,0.02729432175380071,0.7560263157894735,0.027502732173518833,0.7555000000000001,0.02616295090390228,0.76025,0.02580939751330897,0.2527763157894736,0.03068471268885826
rine,aigi_holmes_p3,Show-o,0.9479075000000001,0.006860349991071876,0.5269999999999999,0.03181980515339467,0.871,0.009192388155425047,0.8716000000000002,0.00799030662740797,0.8773,0.009192388155425047,0.8646052631578948,0.0075548777147824734,0.8725,0.007071067811865403,0.88325,0.010960155108391536,0.3376052631578948,0.024264927438612194
rine,aigi_holmes_p3,LlamaGen,0.95195175,0.002466742006169275,0.5245,0.019798989873223347,0.8775,0.009192388155425125,0.8794250000000001,0.010500535700620251,0.881875,0.006470027047856904,0.8773684210526315,0.01168586996276718,0.87975,0.013081475451951102,0.8875,0.0035355339059327407,0.3528684210526315,0.03148485983599053
rine,aigi_holmes_p3,Infinity,0.9171002500000001,6.823580438461915e-05,0.50725,0.00954594154601844,0.8325,0.0021213203435596446,0.8419500000000001,0.002121320343559723,0.844025,0.003429467888754849,0.8395,0.0024934818073421333,0.84325,0.001060660171779783,0.8515,0.0014142135623730963,0.33225000000000005,0.012039423353360572
rine,aigi_holmes_p3,VAR,0.72009375,0.03151468857731265,0.502,0.0028284271247461927,0.6585000000000001,0.03464823227814086,0.6605000000000001,0.0282135605693432,0.65815,0.028708535316173886,0.6613684210526316,0.028433135832974857,0.66475,0.025809397513309046,0.6685,0.02262741699796954,0.1593684210526316,0.031261562957721055
rine,aigi_holmes_p3,PixArt-XL,0.9321714999999999,0.001600889752606296,0.51875,0.018031222920256936,0.8554999999999999,0.0035355339059327407,0.8617,0.0021920310216783697,0.8605,0.001767766952966331,0.8574473684210526,0.004428721419010573,0.8635,0.004242640687119289,0.8672500000000001,0.001060660171779783,0.33869736842105264,0.013602501501246365
rine,aigi_holmes_p3,SD3.5-L,0.90043075,0.021511956050647832,0.5017499999999999,0.002474873734152879,0.819,0.027577164466275377,0.818425,0.026269016921080253,0.8205250000000002,0.02633972759919882,0.8171052631578948,0.027912109783679435,0.8202499999999999,0.025102290732122418,0.8285,0.02262741699796954,0.31535526315789475,0.030386983517832318
rine,aigi_holmes_p3,FLUX,0.90020275,0.004665844095659478,0.51425,0.015202795795510824,0.82725,0.006010407640085699,0.8251,0.005515432893255169,0.825575,0.006116473657263591,0.8185,0.0018980234652902453,0.82775,0.006717514421272247,0.83075,0.0045961940777125235,0.30425,0.01710081926080107
rine,opensdid_global,Mean,0.93006955,0.006886017967228861,0.5487500000000001,0.0402343758495146,0.8537,0.004666904755831171,0.85311,0.006689230150024678,0.85394,0.007000357133746834,0.8515789473684211,0.005537762581082007,0.8553,0.006081118318204346,0.86005,0.0071417784899841285,0.3028289473684211,0.03469661326843259
rine,opensdid_global,SD1.5,0.982066,0.0031254119728444467,0.643,0.09828784258493012,0.923,0.004949747468305837,0.92195,0.004525483399593955,0.9234,0.005586143571373738,0.9217368421052632,0.007368796982891426,0.92425,0.0031819805153394274,0.929,0.007071067811865481,0.2787368421052631,0.09091904560203869
rine,opensdid_global,SD2.1,0.95493875,0.005128291930555432,0.5642499999999999,0.061871843353822925,0.88325,0.008838834764831813,0.882225,0.0057629202666703554,0.8827499999999999,0.008131727983645264,0.878842105263158,0.006252312591544273,0.8835,0.00777817459305203,0.88825,0.006717514421272247,0.314592105263158,0.05561953076227865
rine,opensdid_global,SDXL,0.90755375,0.019170018391357766,0.5135000000000001,0.0190918830920368,0.82275,0.008838834764831813,0.8242750000000001,0.014460333675264796,0.825825,0.014743176387739462,0.8236052631578947,0.011499789230875896,0.82575,0.013788582233137728,0.83125,0.015202795795510746,0.3101052631578947,0.007592093861160902
rine,opensdid_global,SD3,0.9157824999999999,0.004459722468943599,0.5197499999999999,0.018031222920256936,0.837,0.004242640687119289,0.83515,0.003959797974644701,0.8331999999999999,0.004454772721475308,0.8338157894736842,0.003907695369715151,0.8374999999999999,0.004949747468305837,0.8394999999999999,0.0035355339059327407,0.31406578947368424,0.014123527550541788
rine,opensdid_global,Flux.1,0.89000675,0.002546645072443297,0.50325,0.003889087296526054,0.8025,0.0035355339059327407,0.8019499999999999,0.004737615433949739,0.8045250000000002,0.002085965004500242,0.7998947368421052,0.00133978126961663,0.8055000000000001,0.0007071067811865481,0.81225,0.0031819805153394274,0.2966447368421053,0.005228868566142684
npr,genimage,Mean,0.49632999262152777,0.03628033267533393,0.5096696428571428,0.002782128466454171,0.4909702380952381,0.02693319221912328,0.49101547619047614,0.027399545977191565,0.5469613095238095,0.015608119504012351,0.49091660815269506,0.028597167079242043,0.4911979166666667,0.028113808005568734,0.5549821428571429,0.0169158461523139,-0.01875303470444778,0.03137929554569621
npr,genimage,BigGAN,0.3061566597222222,0.03660081926603983,0.49766666666666665,0.0014142135623730963,0.34758333333333336,0.02887352689845069,0.3489583333333333,0.028284271247461926,0.4947833333333334,0.0007778174593051951,0.34709663865546214,0.027743542532436917,0.34729166666666667,0.026811132119989957,0.5000416666666667,5.892556509887247e-05,-0.15057002801120448,0.02632932897006382
npr,genimage,ADM,0.3868072777777778,0.025115116863458915,0.49920833333333337,0.0011195857368786948,0.4129583333333333,0.021036426740299787,0.4131708333333333,0.021572649382699607,0.49024583333333327,0.009257206277033886,0.41400840336134453,0.020535807023367297,0.41312499999999996,0.020918575610102044,0.5002083333333334,5.892556509887247e-05,-0.0851999299719888,0.019416221286488605
npr,genimage,glide,0.49449367361111113,0.09494983699413634,0.5034166666666666,0.00047140452079105826,0.4842083333333333,0.06864828334019396,0.4829625,0.06642678953596627,0.5211749999999999,0.03161945823205846,0.483436974789916,0.06893994012879269,0.4830833333333333,0.067175144212722,0.5304166666666666,0.033941125496954314,-0.019979691876750666,0.06941134464958375
npr,genimage,stable_diffusion_v_1_5,0.69709281640625,0.026219723844451075,0.5316875,0.010518213370149875,0.640875,0.016705397705532192,0.6414124999999999,0.023723432508808647,0.6476625,0.025005063549709182,0.6408616352201258,0.02657654166270953,0.6428437499999999,0.02514648490594663,0.65375,0.024660348993880914,0.10917413522012587,0.0370947550328594
npr,genimage,VQDM,0.3356927152777778,0.023668229075238516,0.49875,0.0008249579113843323,0.3769166666666667,0.022038161346980736,0.3795166666666666,0.019798989873223347,0.49468333333333336,0.002027039439401409,0.38048319327731095,0.017903468333740007,0.37983333333333336,0.01685271161827937,0.5,0.0,-0.11826680672268905,0.01872842624512434
npr,genimage,wukong,0.6942763819444444,0.02488639728252756,0.5357083333333333,0.011608336324479211,0.6348333333333334,0.02357022603955158,0.6341791666666667,0.020311642289583657,0.6336666666666666,0.020046477246638612,0.6338529411764706,0.022835389580671512,0.6351249999999999,0.02315774708385939,0.6444583333333334,0.01832585074575138,0.09814460784313733,0.03444372590515073
npr,genimage,Midjourney,0.5597904236111111,0.0698586635519625,0.50125,0.00023570226039548988,0.5394166666666667,0.05173664615681568,0.5369083333333333,0.051277026749044476,0.5465125,0.04059382179661776,0.5366764705882352,0.05145241696045644,0.5370833333333334,0.05044028372464041,0.556,0.04148359782961085,0.03542647058823528,0.051688119220851925
npr,aigc_detection_benchmark,Mean,0.51065225,0.026628372746730918,0.5070441176470588,0.0027244408333951674,0.5048676470588236,0.017116143556368535,0.5053308823529412,0.018769525588848764,0.5378308823529412,0.01644439211424127,0.5055526315789474,0.018684694666957217,0.5053676470588235,0.017989628403716543,0.5511617647058823,0.015410768378212718,-0.001491486068111475,0.021409135500352384
npr,aigc_detection_benchmark,ProGAN,0.468886,0.02154342230241052,0.50025,0.00035355339059323483,0.48025,0.02580939751330897,0.480375,0.020824294705943845,0.48912500000000003,0.008449926035179215,0.4805263157894737,0.022031958655917692,0.47975,0.02580939751330897,0.5025,0.0021213203435596446,-0.01972368421052631,0.021678405265324458
npr,aigc_detection_benchmark,StyleGAN,0.37569449999999993,0.014328104707182996,0.5,0.0007071067811865089,0.40249999999999997,0.010606601717798182,0.404925,0.010076271631908253,0.490325,0.0006717514421271854,0.4037631578947368,0.01239297674395373,0.40075,0.009545941546018361,0.5009999999999999,0.0007071067811865481,-0.09623684210526315,0.013100083525140239
npr,aigc_detection_benchmark,BigGAN,0.426359,0.03188627319082623,0.49624999999999997,0.003889087296526015,0.44925000000000004,0.023688077169749362,0.44852499999999995,0.026410438277317545,0.486575,0.006965001794687511,0.4476842105263158,0.023297307632777854,0.45025000000000004,0.022980970388562814,0.5015000000000001,0.0021213203435596446,-0.04856578947368423,0.027186394929303873
npr,aigc_detection_benchmark,CycleGAN,0.7296449999999999,0.06968113064524703,0.51525,0.015202795795510824,0.6819999999999999,0.05303300858899111,0.681325,0.05398760274359292,0.6819999999999999,0.05253803384216042,0.682342105263158,0.054298357565851114,0.6817500000000001,0.05480077554195744,0.68825,0.05197234841721125,0.16709210526315793,0.06950115336136194
npr,aigc_detection_benchmark,StarGAN,0.45786950000000004,0.009055209439874878,0.5,0.0,0.46625,0.00601040764008562,0.47072499999999995,0.006257895013500923,0.492175,0.0008131727983644401,0.46907894736842104,0.004056559955228045,0.469,0.006363961030678894,0.50525,0.0010606601717798615,-0.030921052631578932,0.004056559955228045
npr,aigc_detection_benchmark,GauGAN,0.38562675,0.006824641098622027,0.4995,0.0007071067811865482,0.42025,0.0010606601717798223,0.416875,0.0018738329701444194,0.481875,0.0022980970388562618,0.4156578947368421,0.003237804734906797,0.417,0.005656854249492385,0.5,0.0,-0.08384210526315788,0.0025306979537202488
npr,aigc_detection_benchmark,StyleGAN2,0.43882875,0.01044007807082883,0.4995,0.0007071067811865482,0.4475,0.024041630560342638,0.44672500000000004,0.017005918087536518,0.49502500000000005,0.011278353159925368,0.45036842105263164,0.018682505481876156,0.44625000000000004,0.020859650045003172,0.5057499999999999,0.003181980515339506,-0.04913157894736839,0.019389612263062704
npr,aigc_detection_benchmark,WFIR,0.45012549999999996,0.0037292811639778128,0.5,0.0,0.45875,0.0024748737341529184,0.459225,0.002015254326381556,0.486475,0.00010606601717797044,0.4590000000000001,0.0032005885885285634,0.46175,0.0060104076400856596,0.50125,0.00035355339059323483,-0.04099999999999995,0.003200588588528564
npr,aigc_detection_benchmark,ADM,0.38586825,0.023368111351262395,0.50025,0.00035355339059323483,0.41675,0.018738329701443488,0.41452500000000003,0.023369879118215413,0.493475,0.007530687219636765,0.41460526315789475,0.02422771129223384,0.41600000000000004,0.020506096654409858,0.5009999999999999,0.0007071067811865481,-0.08564473684210522,0.023874157901640606
npr,aigc_detection_benchmark,GLIDE,0.49306375,0.09639527128508435,0.50225,0.00035355339059323483,0.484,0.06505382386916239,0.4867,0.06611448404094214,0.50865,0.039597979746446736,0.4861842105263158,0.06404898791694993,0.4845,0.062225396744416156,0.5309999999999999,0.03464823227814086,-0.0160657894736842,0.0636954345263567
npr,aigc_detection_benchmark,Midjourney,0.5615235,0.06461188213092077,0.50225,0.00035355339059323483,0.5395,0.048083261120685276,0.536725,0.05214912511250787,0.5400499999999999,0.04504270196158306,0.5373947368421053,0.04946025853668017,0.538,0.05374011537017758,0.56275,0.038537319574666835,0.035144736842105284,0.04981381192727341
npr,aigc_detection_benchmark,SD v1.4,0.70331325,0.02678272999761233,0.53625,0.008838834764831813,0.6415,0.021920310216782993,0.646325,0.022097086912079532,0.64385,0.022980970388562852,0.6441315789473684,0.023855549828451512,0.645,0.02333452377915609,0.6547499999999999,0.019445436482630033,0.10788157894736838,0.032694384593283325
npr,aigc_detection_benchmark,SD v1.5,0.7244935,0.021911824935408747,0.53075,0.01308147545195118,0.6697500000000001,0.012374368670764553,0.6699499999999999,0.014071424945612317,0.6697,0.020364675298172447,0.6713947368421052,0.016114591381777597,0.67125,0.008131727983645342,0.67975,0.018738329701443488,0.14064473684210516,0.029196066833728777
npr,aigc_detection_benchmark,VQDM,0.34621175000000004,0.025927837899157785,0.49724999999999997,0.0024748737341529184,0.38475000000000004,0.02227386360737627,0.386125,0.022804193693266157,0.49172499999999997,0.0008838834764831656,0.38889473684210524,0.02247855241245653,0.38625,0.01732411613907043,0.50025,0.00035355339059323483,-0.10835526315789476,0.024953426146609448
npr,aigc_detection_benchmark,Wukong,0.67969575,0.02560115456624947,0.5367500000000001,0.015909902576697374,0.6205,0.027577164466275377,0.6227750000000001,0.0267639916679107,0.6282749999999999,0.02414769657752053,0.6231315789473684,0.028023758222814176,0.62575,0.03146625176280135,0.6407499999999999,0.02156675682618976,0.08638157894736842,0.04393366079951155
npr,aigc_detection_benchmark,DALL-E2,0.4823125,0.13650767121484417,0.5015,0.0,0.47375,0.0943987552884041,0.476625,0.0979696445333962,0.512725,0.03616851185769188,0.47631578947368414,0.09527333472829264,0.4755,0.09192388155425119,0.53125,0.034294678887547544,-0.02518421052631581,0.09527333472829264
npr,aigc_detection_benchmark,SDXL,0.571571,0.09790812624343301,0.5017499999999999,0.0017677669529664096,0.5455,0.06363961030678934,0.542175,0.06607912870188289,0.5511,0.049002499936227684,0.543921052631579,0.06523990460105356,0.5425,0.0629325035256027,0.56275,0.04560838738653231,0.042171052631579,0.06700767155401997
npr,aigi_holmes_p3,Mean,0.5661093500000001,0.06212321981453471,0.50345,0.0019798989873223505,0.541825,0.04345171170391335,0.54171,0.0456013163187204,0.5569025,0.031872838161983615,0.5412815789473684,0.0465462342752639,0.54115,0.04574980874276961,0.570025,0.031148053711267363,0.03783157894736838,0.04852613326258625
npr,aigi_holmes_p3,Janus,0.5477164999999999,0.06043005262698362,0.5005,0.0,0.52725,0.042779960261786126,0.527225,0.04380526509450666,0.533525,0.038501964235607436,0.5275526315789474,0.04335681053064876,0.52925,0.04560838738653231,0.54225,0.03288046532517445,0.027052631578947384,0.04335681053064876
npr,aigi_holmes_p3,Janus-Pro-1B,0.509409,0.1082389563165684,0.502,0.0007071067811865481,0.4985,0.07353910524340093,0.5029,0.07693321779309638,0.518975,0.03722917202947175,0.5027368421052631,0.0771862875884684,0.5035000000000001,0.0784888527117068,0.5367500000000001,0.03924442635585338,0.0007368421052632024,0.07789339436965495
npr,aigi_holmes_p3,Janus-Pro-7B,0.5244292500000001,0.12308360252740819,0.50025,0.00035355339059323483,0.512,0.08485281374238567,0.509675,0.09125213011212388,0.5419,0.06455884912233179,0.5071315789473685,0.09210996228614242,0.50875,0.09015611460128481,0.5545,0.06363961030678934,0.0068815789473684885,0.09175640889554919
npr,aigi_holmes_p3,Show-o,0.50168675,0.06817463964792923,0.5009999999999999,0.0007071067811865481,0.5005000000000001,0.04737615433949868,0.49922500000000003,0.047835773747269966,0.526775,0.030016682861369014,0.49978947368421056,0.04525483399593904,0.49675,0.04702260094890542,0.54,0.03111269837220812,-0.0012105263157893564,0.044547727214752496
npr,aigi_holmes_p3,LlamaGen,0.7835279999999999,0.009459674518713712,0.527,0.016970562748477157,0.712,0.0007071067811865481,0.711225,0.0022980970388563403,0.7145999999999999,0.005161879502661778,0.7091842105263158,0.003982127662471539,0.7130000000000001,0.0007071067811865481,0.71925,0.003181980515339506,0.18218421052631578,0.020952690410948695
npr,aigi_holmes_p3,Infinity,0.5574205,0.05508715378833791,0.49974999999999997,0.001060660171779783,0.54325,0.030759144981614805,0.54145,0.04108290398693844,0.5346249999999999,0.035037141007793496,0.540921052631579,0.04521761784956073,0.5402499999999999,0.03924442635585338,0.552,0.036769552621700424,0.041171052631579,0.04627827802134051
npr,aigi_holmes_p3,VAR,0.5209824999999999,0.042282864194611976,0.5015,0.0014142135623730963,0.5097499999999999,0.033587572106361,0.508075,0.032632977951759186,0.5199,0.023829498525986616,0.5092105263157896,0.03267577652009415,0.50925,0.03288046532517445,0.53925,0.014495689014324197,0.007710526315789612,0.03408999008246724
npr,aigi_holmes_p3,PixArt-XL,0.6488210000000001,0.04366384373826937,0.5,0.0007071067811865089,0.59675,0.03783021279348037,0.5989500000000001,0.03478965363437815,0.5979750000000001,0.03821912152313292,0.5983684210526314,0.037513875549265246,0.597,0.039597979746446695,0.61025,0.03783021279348028,0.09836842105263152,0.036806768768078736
npr,aigi_holmes_p3,SD3.5-L,0.44958149999999997,0.05516847106817446,0.4995,0.0007071067811865482,0.44725,0.036415999231107186,0.44689999999999996,0.03952726906832801,0.5029999999999999,0.013152186130069826,0.4463684210526316,0.04250083916394935,0.4455,0.03889087296526011,0.5177499999999999,0.019445436482630033,-0.05313157894736842,0.04179373238276281
npr,aigi_holmes_p3,FLUX,0.6175185000000001,0.05564293971835058,0.5029999999999999,0.0021213203435596446,0.571,0.046669047558312096,0.5714750000000001,0.045855874759947506,0.57775,0.04334564568673538,0.5715526315789474,0.045664211606099604,0.5682499999999999,0.04490128060534577,0.5882499999999999,0.03924442635585338,0.06855263157894742,0.04778553194965925
npr,opensdid_global,Mean,0.61770255,0.054499053078425064,0.5070999999999999,0.003676955262170035,0.58185,0.04376990975544734,0.58146,0.04272339171929115,0.58504,0.03717967455478872,0.5825421052631579,0.043014421983969056,0.58345,0.04320422433049808,0.59775,0.03486036431249672,0.07544210526315798,0.046691377246139094
npr,opensdid_global,SD1.5,0.72690525,0.05237999547656528,0.52325,0.007424621202458717,0.65875,0.042779960261786126,0.659075,0.044724503910049146,0.66215,0.04065863991822648,0.6612631578947368,0.044584943361130884,0.66025,0.04560838738653231,0.6695,0.038890872965260066,0.13801315789473684,0.0520095645635896
npr,opensdid_global,SD2.1,0.6739204999999999,0.026312150434732617,0.508,0.00777817459305203,0.61325,0.02863782463805516,0.6166499999999999,0.019162593770155445,0.6213,0.023122391744800228,0.6175263157894737,0.01905466694565853,0.617,0.02262741699796954,0.63575,0.018738329701443488,0.10952631578947375,0.02683284153871056
npr,opensdid_global,SDXL,0.5320992499999999,0.0804584986507019,0.501,0.0014142135623730963,0.5275,0.059396969619670004,0.5243249999999999,0.06240217343971278,0.532025,0.04592658543806626,0.5244473684210527,0.06293250352560274,0.528,0.06081118318204306,0.54775,0.04772970773009196,0.023447368421052633,0.06434671708797585
npr,opensdid_global,SD3,0.6050285,0.041961130609172025,0.50275,0.0017677669529664096,0.56925,0.033587572106361,0.56955,0.03521391770309011,0.57115,0.03033488091290292,0.5712105263157895,0.03408999008246724,0.5715,0.03252691193458122,0.583,0.029698484809834943,0.06846052631578953,0.03585775703543365
npr,opensdid_global,Flux.1,0.55055925,0.07138349022095382,0.5005,0.0,0.5405,0.054447222151364126,0.5377000000000001,0.05211376977344854,0.538575,0.04585587475994758,0.5382631578947369,0.0544100060049859,0.5405,0.054447222151364126,0.5527500000000001,0.03924442635585338,0.03776315789473697,0.0544100060049859
