fake_ratio,dataset,ours_static_auc_mean,ours_static_auc_std,ours_auc_mean,ours_auc_std,delta_auc_mean,delta_auc_std,ours_static_accuracy_mean,ours_static_accuracy_std,ours_accuracy_mean,ours_accuracy_std,delta_accuracy_mean,delta_accuracy_std,ours_static_balanced_accuracy_mean,ours_static_balanced_accuracy_std,ours_balanced_accuracy_mean,ours_balanced_accuracy_std,delta_balanced_accuracy_mean,delta_balanced_accuracy_std,ours_static_fake_f1_mean,ours_static_fake_f1_std,ours_fake_f1_mean,ours_fake_f1_std,delta_fake_f1_mean,delta_fake_f1_std,ours_static_macro_f1_mean,ours_static_macro_f1_std,ours_macro_f1_mean,ours_macro_f1_std,delta_macro_f1_mean,delta_macro_f1_std
0.1,genimage,0.822604580026455,0.00602393494132338,0.818082423941799,0.005042897410715263,-0.0045221560846560776,0.006900095813853947,0.9291666666666667,0.001958866984750534,0.8083333333333332,0.011430431396266792,-0.12083333333333335,0.010783013695333098,0.6717592592592592,0.008214581251233397,0.7757936507936508,0.006950111066721065,0.10403439153439153,0.012808893356304732,0.39096713220714485,0.01652523642441422,0.49626695343882754,0.019116918089996784,0.10529982123168267,0.022457032132641983,0.6766604650367362,0.008707452642261308,0.688413661538337,0.008381328617935668,0.011753196501600819,0.006792342292770818
0.1,aigc_detection_benchmark,0.8247494553376905,0.007907354450636415,0.816218852124183,0.008316658957990688,-0.00853060321350759,0.0006271602175765499,0.9162500000000001,0.001637577753773502,0.7796323529411765,0.0007090919677200757,-0.1366176470588236,0.001784508985222242,0.6418164488017429,0.005968713670663629,0.7610157952069717,0.007003584839172366,0.11919934640522882,0.00581917896999481,0.34209755246244317,0.01372837988024393,0.4527233454612472,0.01078636993014194,0.11062579299880404,0.00651091013364011,0.6485187208448177,0.007307123589020879,0.6564523218066455,0.005025335998675466,0.007933600961827788,0.004024492367965384
0.1,aigi_holmes_p3,0.9071200810185186,0.0032307597312452867,0.8944583333333332,0.002363038078309154,-0.012661747685185206,0.004634956633998986,0.9304166666666666,0.001872220161555013,0.8207916666666667,0.011221027507912767,-0.10962499999999993,0.009585959785019058,0.6724537037037037,0.0070493237643747715,0.826736111111111,0.005090329884529403,0.15428240740740737,0.00427088038215584,0.4672541684913331,0.021827924476774313,0.49917390797526834,0.01580836050175215,0.03191973948393523,0.007288497109625411,0.7149896599791302,0.011399139553679272,0.6948079478362285,0.011070236949613383,-0.020181712142901837,0.00039322124022163514
0.1,opensdid_global,0.9667042824074074,0.0036569689123420383,0.9590167824074074,0.007862873160985303,-0.0076874999999999956,0.007247108607199445,0.9580833333333333,0.0009464847242999805,0.8990833333333333,0.004404070087241362,-0.058999999999999976,0.005018714974971266,0.8070833333333334,0.007709271714654494,0.9102314814814815,0.004190518152547555,0.1031481481481481,0.009078206730878105,0.7125808427029906,0.014022669834315778,0.6771216548515935,0.008087907994057468,-0.03545918785139716,0.021510861917343502,0.8449723388911129,0.007207124658581594,0.8084751219314147,0.005089659648555399,-0.036497216959698285,0.01222857185335226
0.1,four_dataset_macro,0.8802945996975179,0.00043995660931746294,0.8719440979516806,0.004151289121752969,-0.008350501745837255,0.004567353141108925,0.9334791666666667,0.0011861597469603451,0.8269601715686274,0.006168283464921161,-0.10651899509803923,0.005050383002417001,0.6982781862745098,0.0044935741589022405,0.8184442596483038,0.003800327484172842,0.12016607337379397,0.006641268206542297,0.47822492396597793,0.011051585956497422,0.5313214654317341,0.010356112625707955,0.053096541465756174,0.0118019459757206,0.7212852961879492,0.005836852445298769,0.7120372632781563,0.006006577033410516,-0.009248032909792888,0.004528199276598783
0.25,genimage,0.8171718253968253,0.009598420435832226,0.8206505952380952,0.007297708308511842,0.0034787698412698242,0.006802707740385242,0.8352380952380952,0.0016592095077102708,0.8164880952380953,0.007652225011004858,-0.01874999999999997,0.00786322816296581,0.6768253968253969,0.003154949081000098,0.779484126984127,0.0036311150106696785,0.10265873015873017,0.006415698457447964,0.41483603389440526,0.007102697786301136,0.663508874616058,0.007185815041825318,0.24867284072165266,0.014186435866911835,0.6593534265191049,0.0038899672907670648,0.7683596418045706,0.003319312936584274,0.10900621528546577,0.005805911448292167
0.25,aigc_detection_benchmark,0.8224293300653595,0.002337534377379312,0.820330637254902,0.005583011334299738,-0.002098692810457529,0.0032561015051078596,0.8155392156862744,0.0020434474850093147,0.7971323529411766,0.004573032883960671,-0.018406862745098024,0.0030373373385943828,0.6458169934640523,0.003069243397014421,0.7665849673202615,0.003198443328919482,0.12076797385620912,0.003387085823840256,0.3718725931021785,0.007073235632748474,0.6422746033547058,0.006040094874509727,0.27040201025252725,0.002555460754349139,0.6315586605915066,0.00412728844640998,0.7498689479911519,0.004672217202670533,0.11831028739964537,0.0018501365697325136
0.25,aigi_holmes_p3,0.9078893055555556,0.002192747687031299,0.9031006944444444,0.0044583254348319916,-0.004788611111111137,0.00272230359501395,0.8337500000000001,0.001231107225224462,0.8530416666666666,0.000590726953281605,0.01929166666666667,0.001755942292142093,0.6727777777777778,0.0030394779035100815,0.8423055555555555,0.003041761794555081,0.16952777777777775,0.001336801046168404,0.4819700830847733,0.0034053505331864482,0.7381453053547729,0.0021201125144836336,0.2561752222699995,0.003645766883469615,0.6912745524622593,0.002012410821563667,0.8178948632405767,0.0009267771314368905,0.1266203107783174,0.0022461724655210387
0.25,opensdid_global,0.9671547222222223,0.002738768267008078,0.9623947222222222,0.0037315995167894497,-0.004760000000000024,0.001005233181903505,0.8976666666666667,0.004502314219746815,0.9178333333333333,0.006001735860010223,0.020166666666666704,0.00845699907374564,0.7993333333333333,0.010004165798972623,0.9168888888888889,0.0007515416254704571,0.11755555555555545,0.010752691308243252,0.711323740063505,0.016423561277688393,0.8524281366009477,0.005725681584503129,0.1411043965374428,0.018723459152351477,0.8244509918725452,0.009487224333690506,0.8976947119903279,0.005340488653553657,0.07324372011778253,0.01196004652595178
0.25,four_dataset_macro,0.8786612958099907,0.0021000862748220277,0.8766191622899159,0.0019570831452256246,-0.0020421335200747994,0.002606778437570883,0.8455484943977591,0.000768883003201937,0.8461238620448178,0.0016013660271011932,0.0005753676470588257,0.0018918407691774608,0.6986883753501401,0.0019632104322677784,0.8263158846872082,0.0006255902597776872,0.12762750933706815,0.0023330344639103193,0.4950006125362156,0.0036840378652990605,0.7240892299816211,0.0020480676860017404,0.22908861744540557,0.005433441014942637,0.701659407861354,0.00204366047256461,0.8084545412566567,0.0007258837219247378,0.10679513339530274,0.0027599663660835792
0.5,genimage,0.8198212797619048,0.006210734956640555,0.828378869047619,0.006212815185675254,0.008557589285714299,0.0037572911421290983,0.6776190476190477,0.0027740905232692993,0.7807738095238096,0.0043898557303552145,0.10315476190476192,0.004759299882771559,0.6776190476190477,0.0027740905232693613,0.7807738095238096,0.0043898557303552145,0.10315476190476187,0.0047592998827715996,0.42005855632949557,0.010732060259008894,0.7468366148077932,0.010257453047084454,0.3267780584782977,0.018611100878887336,0.5976045188034181,0.005808322956417353,0.7760386444410169,0.005202393619601161,0.17843412563759883,0.008281109718288136
0.5,aigc_detection_benchmark,0.8190814950980393,0.002605919635637535,0.8210136642156863,0.00222283814496314,0.0019321691176470424,0.002785493008041501,0.646593137254902,0.0009596456838457326,0.7646813725490196,0.0015724524443476277,0.11808823529411765,0.002437585949154601,0.646593137254902,0.0009596456838457326,0.7646813725490196,0.0015724524443476277,0.11808823529411765,0.002437585949154601,0.3821206108656526,0.0020114361248241637,0.7280139187229745,0.0006846411212188112,0.3458933078573219,0.001421622530031745,0.5660375022987537,0.0012312929153990805,0.7594028443612904,0.0009365399817123888,0.19336534206253667,0.002167688142108975
0.5,aigi_holmes_p3,0.9075176041666667,0.00030460757498715785,0.9073642708333334,0.005304320673374708,-0.00015333333333330165,0.0055295137576312865,0.6709583333333334,0.0006291528696058265,0.8405416666666667,0.004289036410819242,0.16958333333333334,0.004625563028792576,0.6709583333333334,0.0006291528696058854,0.8405416666666667,0.004289036410819242,0.1695833333333333,0.004625563028792631,0.48131666074162277,0.001681233709002376,0.8265597715505981,0.007719855528436107,0.3452431108089753,0.00934188452347573,0.6186097818725019,0.0008807347657220826,0.8392000808054331,0.004856482711617677,0.22059029893293128,0.00573472351350112
0.5,opensdid_global,0.9676810416666667,0.0010182349797361043,0.9648258333333333,0.0037541585969206323,-0.0028552083333333034,0.0028653937565732367,0.8025833333333333,0.0038188130791297855,0.9146666666666666,0.007442837720475574,0.11208333333333335,0.008825861619883534,0.8025833333333333,0.0038188130791299065,0.9146666666666666,0.007442837720475574,0.11208333333333327,0.008825861619883637,0.7222808462955693,0.008127674944549515,0.9120015859624825,0.008360582092244457,0.18972073966691302,0.011681807442944319,0.7836436156903669,0.00514840224138723,0.9144963890459811,0.007515170128109389,0.1308527733556142,0.009623286660695283
0.5,four_dataset_macro,0.8785253551733193,0.002070063572981273,0.8803956593574931,0.001471857854212648,0.0018703041841736656,0.003189300195676126,0.699438462885154,0.0010720368100399194,0.8251658788515406,0.00232728525714164,0.12572741596638656,0.0032620219915074225,0.699438462885154,0.0010720368100399194,0.8251658788515406,0.00232728525714164,0.12572741596638656,0.0032620219915074225,0.501444168558085,0.0037568126141669044,0.803352972760962,0.004434823682440677,0.30190880420287697,0.007553008078912353,0.6414738546662601,0.0020735451851211875,0.8222844896634305,0.0027515013545619704,0.1808106349971703,0.004604229133432073
0.75,genimage,0.8205823412698413,0.002132302905153786,0.8287789682539684,0.004623345077351525,0.008196626984127006,0.005034408755586807,0.5223809523809524,0.002160148489479059,0.719345238095238,0.002261121418240813,0.19696428571428573,0.0021943224513293904,0.6798412698412699,0.0006975553901288149,0.7772619047619047,0.0035134177531841696,0.09742063492063491,0.0037159896376537565,0.42591421314302763,0.005815446937158579,0.7600495008864195,0.0019836135807474635,0.334135287743392,0.003905137261050322,0.50445278908433,0.0029080843937625933,0.7084445097797679,0.002149575831984931,0.20399172069543803,0.0036761836299611774
0.75,aigc_detection_benchmark,0.8204007352941177,0.0010904788577837576,0.8183016339869281,0.0045219653288420284,-0.002099101307189525,0.005125958889096936,0.4773039215686275,0.00037008992329760947,0.6837990196078431,0.011022628633127958,0.20649509803921565,0.010664637881963075,0.6466013071895426,0.00039622077297331055,0.7545915032679739,0.005965574163424748,0.10799019607843137,0.005778702828677128,0.38515937819223717,0.0013145312559826139,0.7256530516179974,0.012944491905940088,0.34049367342576026,0.012279799968530713,0.46005336428259297,0.0004833331468349508,0.6731969893454153,0.009948216273493132,0.21314362506282233,0.009521856159409866
0.75,aigi_holmes_p3,0.9050752777777777,0.0010209290204587153,0.9004949999999999,0.0035973191937809573,-0.004580277777777845,0.0028525074962573167,0.5095,0.0012686114456365628,0.7572083333333334,0.016194777964928474,0.24770833333333334,0.017352203270286273,0.6713333333333334,0.0008457409637577012,0.8154166666666667,0.00802253769770579,0.14408333333333337,0.0088674655028618,0.48386202814497487,0.0024317448979020227,0.8043010485102148,0.016915737356421146,0.32043902036524,0.01932526685328184,0.49982451297029673,0.0014125073111227449,0.7389778369340808,0.014680357699095828,0.2391533239637841,0.01608640028731782
0.75,opensdid_global,0.9656219444444445,0.0024877480799428055,0.9581788888888889,0.0053493772569372265,-0.0074430555555555404,0.003466426507439827,0.70725,0.004337337893224338,0.8645833333333334,0.010554422453802548,0.15733333333333324,0.006236652414022495,0.8032777777777778,0.002428610332710411,0.8942777777777778,0.006019259213680835,0.09099999999999997,0.0036094013046180343,0.7252953537221055,0.005577274922024458,0.8935796611072547,0.011091473663662218,0.16828430738514907,0.0056330423896331396,0.6998424403870583,0.004298578571218041,0.8494617825352405,0.009573708687668499,0.1496193421481823,0.005365857632847866
0.75,four_dataset_macro,0.8779200746965453,0.0006234133196150877,0.8764386227824463,0.0033867200025052254,-0.0014814519140989857,0.0034223169973840507,0.5541087184873948,0.00043909989541834123,0.756233981092437,0.00853936147382772,0.20212526260504204,0.008135764585925062,0.7002634220354809,0.0003021127596616816,0.8103869631185807,0.005363880993542689,0.11012354108309992,0.005089138261671962,0.5050577433005863,0.00045356830893991136,0.7958958155304717,0.009106669299106354,0.2908380722298854,0.00942624467966611,0.5410432766810694,0.00016115636100866063,0.7425202796486262,0.007947069076147405,0.20147700296755666,0.00779301919791613
0.9,genimage,0.8200285218253969,0.003613582971428328,0.8267166832010582,0.004041776947707017,0.006688161375661417,0.004260815312332184,0.4283928571428571,0.0031592510737418213,0.65625,0.009721898277725835,0.22785714285714287,0.0077776006215652,0.6800595238095238,0.0011267675289286217,0.7680224867724869,0.0022996479696711764,0.08796296296296295,0.0025685313795147666,0.42684106603604893,0.005615202310427877,0.7431178425393021,0.009456891028980357,0.3162767765032531,0.004889935867413122,0.4146785202534349,0.0037226309199354423,0.6034026534010654,0.006149687863369159,0.1887241331476306,0.005135368578063498
0.9,aigc_detection_benchmark,0.8188825912309369,0.0020917511047261095,0.8126257829520697,0.004270391563971998,-0.006256808278867099,0.0022792409412724624,0.375171568627451,0.0004784122866652829,0.5764460784313725,0.01083313924943705,0.20127450980392156,0.011297318148444558,0.6453567538126361,0.0012459708369944853,0.7259123093681917,0.004842079329442794,0.0805555555555556,0.0059107938536646755,0.385512871411636,6.170933003972602e-05,0.6671133829900692,0.014107906234820734,0.28160051157843324,0.014053241211768841,0.3607434090892722,0.0005548719810913176,0.5278765463270317,0.00954977660937336,0.1671331372377595,0.010086980014716489
0.9,aigi_holmes_p3,0.9020818865740741,0.002442365950777206,0.8949348958333333,0.005145493816936259,-0.0071469907407408035,0.004951256512705344,0.4114583333333333,0.0016645820296198428,0.5968333333333332,0.015436023883543787,0.18537499999999996,0.016887495373796583,0.6708101851851852,0.0013912017778996827,0.7599074074074075,0.007783149599967465,0.08909722222222223,0.006981843737531601,0.48262845192717263,0.0025801927067531246,0.687925079217532,0.017398893183228924,0.20529662729035936,0.01920878054059863,0.37520411180788527,0.0014342076622030852,0.5257049855083653,0.010623431391121532,0.15050087370048001,0.011791852233088432
0.9,opensdid_global,0.9618269675925926,0.0018226904070341833,0.9611116898148149,0.003045960972693273,-0.0007152777777778008,0.0016101932176323826,0.6485,0.0032499999999999964,0.7296666666666667,0.012811941044718177,0.08116666666666665,0.012135519491695989,0.8017592592592592,0.0032582200573912316,0.8427777777777777,0.003760273991855778,0.0410185185185186,0.005713608223359472,0.72447154147665,0.0028774883007852883,0.7931858010773715,0.009411061006521629,0.06871425960072149,0.008510249066938284,0.5941515552533159,0.0033308998858608773,0.6672204550436183,0.015671997071282414,0.07306889979030233,0.0151181525627437
0.9,four_dataset_macro,0.8757049918057501,0.0022609004415165626,0.8738472629503189,0.0033155763628852884,-0.0018577288554311178,0.0018610819004919157,0.4658806897759103,0.0009242295320347816,0.6397990196078431,0.006917806696996199,0.17391832983193278,0.007626002366187749,0.6994964305166511,0.0011098160401316233,0.7741549953314659,0.004140558107054455,0.07465856481481485,0.004218493031519539,0.504863482712877,0.0015899553890857845,0.7228355264560687,0.006606198501938054,0.2179720437431918,0.008048890262511035,0.43619439910097707,0.0009129457494322052,0.5810511600700202,0.006902275345639164,0.14485676096904312,0.007765959150200403
