2026-07-28T15:10:22+08:00,106, 0;
2026-07-28T15:10:23+08:00,106, 0;
2026-07-28T15:10:24+08:00,632, 0;
2026-07-28T15:10:25+08:00,636, 0;
2026-07-28T15:10:26+08:00,636, 0;
2026-07-28T15:10:27+08:00,636, 0;
2026-07-28T15:10:28+08:00,636, 0;
2026-07-28T15:10:29+08:00,636, 0;
2026-07-28T15:10:30+08:00,636, 0;
2026-07-28T15:10:31+08:00,636, 0;
2026-07-28T15:10:32+08:00,636, 0;
2026-07-28T15:10:33+08:00,636, 0;
2026-07-28T15:10:34+08:00,636, 0;
2026-07-28T15:10:35+08:00,636, 0;
2026-07-28T15:10:36+08:00,636, 0;
2026-07-28T15:10:37+08:00,636, 0;
2026-07-28T15:10:38+08:00,636, 0;
2026-07-28T15:10:39+08:00,936, 0;
2026-07-28T15:10:40+08:00,936, 0;
2026-07-28T15:10:41+08:00,936, 0;
2026-07-28T15:10:42+08:00,936, 0;
2026-07-28T15:10:43+08:00,936, 0;
2026-07-28T15:10:44+08:00,936, 0;
2026-07-28T15:10:45+08:00,936, 0;
2026-07-28T15:10:46+08:00,936, 0;
2026-07-28T15:10:47+08:00,936, 0;
2026-07-28T15:10:48+08:00,936, 0;
2026-07-28T15:10:49+08:00,936, 0;
2026-07-28T15:10:50+08:00,936, 0;
2026-07-28T15:10:51+08:00,936, 0;
2026-07-28T15:10:52+08:00,936, 0;
2026-07-28T15:10:53+08:00,936, 0;
2026-07-28T15:10:54+08:00,936, 0;
2026-07-28T15:10:55+08:00,936, 0;
2026-07-28T15:10:56+08:00,936, 0;
2026-07-28T15:10:57+08:00,936, 0;
2026-07-28T15:10:58+08:00,936, 0;
2026-07-28T15:10:59+08:00,1024, 0;
2026-07-28T15:11:00+08:00,1024, 0;
2026-07-28T15:11:01+08:00,1024, 0;
2026-07-28T15:11:02+08:00,1024, 0;
2026-07-28T15:11:03+08:00,1024, 0;
2026-07-28T15:11:04+08:00,1024, 0;
2026-07-28T15:11:05+08:00,1024, 0;
2026-07-28T15:11:06+08:00,1024, 0;
2026-07-28T15:11:07+08:00,1024, 0;
2026-07-28T15:11:08+08:00,1024, 0;
2026-07-28T15:11:09+08:00,1024, 0;
2026-07-28T15:11:10+08:00,1024, 0;
2026-07-28T15:11:11+08:00,1024, 0;
2026-07-28T15:11:12+08:00,1024, 0;
2026-07-28T15:11:13+08:00,1024, 0;
2026-07-28T15:11:14+08:00,1024, 0;
2026-07-28T15:11:16+08:00,3652, 80;
2026-07-28T15:11:17+08:00,3652, 0;
2026-07-28T15:11:18+08:00,3652, 0;
2026-07-28T15:11:19+08:00,3652, 0;
2026-07-28T15:11:20+08:00,3652, 0;
2026-07-28T15:11:21+08:00,3652, 0;
2026-07-28T15:11:22+08:00,3652, 0;
2026-07-28T15:11:23+08:00,3652, 0;
2026-07-28T15:11:24+08:00,3652, 11;
2026-07-28T15:11:25+08:00,3652, 0;
2026-07-28T15:11:26+08:00,3652, 0;
2026-07-28T15:11:27+08:00,5720, 0;
2026-07-28T15:11:28+08:00,5720, 100;
2026-07-28T15:11:29+08:00,5720, 100;
2026-07-28T15:11:30+08:00,5720, 100;
2026-07-28T15:11:31+08:00,5720, 100;
2026-07-28T15:11:32+08:00,5720, 100;
2026-07-28T15:11:33+08:00,5720, 100;
2026-07-28T15:11:34+08:00,5720, 100;
2026-07-28T15:11:35+08:00,5720, 100;
2026-07-28T15:11:36+08:00,5720, 100;
2026-07-28T15:11:37+08:00,6280, 100;
2026-07-28T15:11:38+08:00,6280, 100;
2026-07-28T15:11:39+08:00,6280, 100;
2026-07-28T15:11:40+08:00,4224, 99;
2026-07-28T15:11:41+08:00,4288, 79;
2026-07-28T15:11:42+08:00,8768, 100;
2026-07-28T15:11:43+08:00,8768, 100;
2026-07-28T15:11:44+08:00,8768, 100;
2026-07-28T15:11:45+08:00,8768, 100;
2026-07-28T15:11:46+08:00,8768, 100;
2026-07-28T15:11:47+08:00,8768, 100;
2026-07-28T15:11:48+08:00,8768, 100;
2026-07-28T15:11:49+08:00,8768, 100;
2026-07-28T15:11:50+08:00,8768, 100;
2026-07-28T15:11:51+08:00,8768, 100;
2026-07-28T15:11:52+08:00,8768, 100;
2026-07-28T15:11:53+08:00,8768, 100;
2026-07-28T15:11:54+08:00,8768, 100;
2026-07-28T15:11:55+08:00,8768, 100;
2026-07-28T15:11:56+08:00,8768, 100;
2026-07-28T15:11:57+08:00,8768, 99;
2026-07-28T15:11:58+08:00,8768, 100;
2026-07-28T15:11:59+08:00,8768, 100;
2026-07-28T15:12:00+08:00,8768, 100;
2026-07-28T15:12:01+08:00,8768, 100;
2026-07-28T15:12:02+08:00,8768, 100;
2026-07-28T15:12:03+08:00,8768, 100;
2026-07-28T15:12:04+08:00,8768, 100;
2026-07-28T15:12:05+08:00,8768, 100;
2026-07-28T15:12:06+08:00,8768, 99;
2026-07-28T15:12:07+08:00,8768, 100;
2026-07-28T15:12:08+08:00,8768, 100;
2026-07-28T15:12:09+08:00,8768, 100;
2026-07-28T15:12:10+08:00,8768, 100;
2026-07-28T15:12:11+08:00,8768, 100;
2026-07-28T15:12:13+08:00,8768, 100;
2026-07-28T15:12:14+08:00,8768, 100;
2026-07-28T15:12:15+08:00,8768, 100;
2026-07-28T15:12:16+08:00,8768, 99;
2026-07-28T15:12:17+08:00,8768, 99;
2026-07-28T15:12:18+08:00,8768, 100;
2026-07-28T15:12:19+08:00,8768, 100;
2026-07-28T15:12:20+08:00,8768, 100;
2026-07-28T15:12:21+08:00,8768, 100;
2026-07-28T15:12:22+08:00,8768, 100;
2026-07-28T15:12:23+08:00,8768, 100;
2026-07-28T15:12:24+08:00,8768, 100;
2026-07-28T15:12:25+08:00,8768, 100;
2026-07-28T15:12:26+08:00,8768, 100;
2026-07-28T15:12:27+08:00,8768, 100;
2026-07-28T15:12:28+08:00,8768, 100;
2026-07-28T15:12:29+08:00,8768, 100;
2026-07-28T15:12:30+08:00,8768, 100;
2026-07-28T15:12:31+08:00,8768, 100;
2026-07-28T15:12:32+08:00,8768, 100;
2026-07-28T15:12:33+08:00,8768, 100;
2026-07-28T15:12:34+08:00,8768, 100;
2026-07-28T15:12:35+08:00,8768, 100;
2026-07-28T15:12:36+08:00,8768, 100;
2026-07-28T15:12:37+08:00,8768, 100;
2026-07-28T15:12:38+08:00,8768, 100;
2026-07-28T15:12:39+08:00,8768, 100;
2026-07-28T15:12:40+08:00,8768, 100;
2026-07-28T15:12:41+08:00,8768, 100;
2026-07-28T15:12:42+08:00,8768, 100;
2026-07-28T15:12:43+08:00,8768, 100;
2026-07-28T15:12:44+08:00,8768, 100;
2026-07-28T15:12:45+08:00,8768, 100;
2026-07-28T15:12:46+08:00,8768, 100;
2026-07-28T15:12:47+08:00,8768, 100;
2026-07-28T15:12:48+08:00,8768, 100;
2026-07-28T15:12:49+08:00,8768, 100;
2026-07-28T15:12:50+08:00,8768, 100;
2026-07-28T15:12:51+08:00,8768, 100;
2026-07-28T15:12:52+08:00,8768, 100;
2026-07-28T15:12:53+08:00,8768, 100;
2026-07-28T15:12:54+08:00,8768, 100;
2026-07-28T15:12:55+08:00,8768, 100;
2026-07-28T15:12:56+08:00,8768, 100;
2026-07-28T15:12:57+08:00,8768, 100;
2026-07-28T15:12:58+08:00,8768, 100;
2026-07-28T15:12:59+08:00,8768, 100;
2026-07-28T15:13:00+08:00,8768, 100;
2026-07-28T15:13:01+08:00,8768, 100;
2026-07-28T15:13:02+08:00,8768, 100;
2026-07-28T15:13:03+08:00,8768, 100;
2026-07-28T15:13:04+08:00,8768, 100;
2026-07-28T15:13:05+08:00,8768, 100;
2026-07-28T15:13:06+08:00,8768, 100;
2026-07-28T15:13:07+08:00,8768, 100;
2026-07-28T15:13:09+08:00,8768, 100;
2026-07-28T15:13:10+08:00,8768, 100;
2026-07-28T15:13:11+08:00,8768, 100;
2026-07-28T15:13:12+08:00,8768, 100;
2026-07-28T15:13:13+08:00,8768, 100;
2026-07-28T15:13:14+08:00,8768, 100;
2026-07-28T15:13:15+08:00,8768, 100;
2026-07-28T15:13:16+08:00,8768, 100;
2026-07-28T15:13:17+08:00,8768, 100;
2026-07-28T15:13:18+08:00,8768, 100;
2026-07-28T15:13:19+08:00,8768, 100;
2026-07-28T15:13:20+08:00,8768, 100;
2026-07-28T15:13:21+08:00,8768, 100;
2026-07-28T15:13:22+08:00,8768, 100;
2026-07-28T15:13:23+08:00,8768, 100;
2026-07-28T15:13:24+08:00,8768, 100;
2026-07-28T15:13:25+08:00,8768, 100;
2026-07-28T15:13:26+08:00,8768, 100;
2026-07-28T15:13:27+08:00,8768, 100;
2026-07-28T15:13:28+08:00,8768, 100;
2026-07-28T15:13:29+08:00,8768, 100;
2026-07-28T15:13:30+08:00,8768, 100;
2026-07-28T15:13:31+08:00,8768, 100;
2026-07-28T15:13:32+08:00,8768, 100;
2026-07-28T15:13:33+08:00,8768, 100;
2026-07-28T15:13:34+08:00,8768, 100;
2026-07-28T15:13:35+08:00,8768, 100;
2026-07-28T15:13:36+08:00,8768, 100;
2026-07-28T15:13:37+08:00,8768, 100;
2026-07-28T15:13:38+08:00,8768, 100;
2026-07-28T15:13:39+08:00,8768, 100;
2026-07-28T15:13:40+08:00,8768, 100;
2026-07-28T15:13:41+08:00,8768, 100;
2026-07-28T15:13:42+08:00,8768, 100;
2026-07-28T15:13:43+08:00,8768, 100;
2026-07-28T15:13:44+08:00,8768, 100;
2026-07-28T15:13:45+08:00,8768, 100;
2026-07-28T15:13:46+08:00,8768, 100;
2026-07-28T15:13:47+08:00,8768, 100;
2026-07-28T15:13:48+08:00,8768, 100;
2026-07-28T15:13:49+08:00,8768, 100;
2026-07-28T15:13:50+08:00,8768, 100;
2026-07-28T15:13:51+08:00,8768, 100;
2026-07-28T15:13:52+08:00,8768, 100;
2026-07-28T15:13:53+08:00,8768, 100;
2026-07-28T15:13:54+08:00,8768, 100;
2026-07-28T15:13:55+08:00,8768, 100;
2026-07-28T15:13:56+08:00,8768, 100;
2026-07-28T15:13:57+08:00,8768, 100;
2026-07-28T15:13:58+08:00,8768, 100;
2026-07-28T15:13:59+08:00,8768, 100;
2026-07-28T15:14:00+08:00,8768, 100;
2026-07-28T15:14:01+08:00,8768, 100;
2026-07-28T15:14:02+08:00,8768, 100;
2026-07-28T15:14:03+08:00,8768, 100;
2026-07-28T15:14:05+08:00,8768, 100;
2026-07-28T15:14:06+08:00,8768, 100;
2026-07-28T15:14:07+08:00,8768, 100;
2026-07-28T15:14:08+08:00,8768, 100;
2026-07-28T15:14:09+08:00,8768, 100;
2026-07-28T15:14:10+08:00,8768, 100;
2026-07-28T15:14:11+08:00,8768, 100;
2026-07-28T15:14:12+08:00,8768, 100;
2026-07-28T15:14:13+08:00,8768, 100;
2026-07-28T15:14:14+08:00,8768, 100;
2026-07-28T15:14:15+08:00,8768, 100;
2026-07-28T15:14:16+08:00,8768, 100;
2026-07-28T15:14:17+08:00,8768, 100;
2026-07-28T15:14:18+08:00,8768, 100;
2026-07-28T15:14:19+08:00,8768, 100;
2026-07-28T15:14:20+08:00,8768, 100;
2026-07-28T15:14:21+08:00,8768, 100;
2026-07-28T15:14:22+08:00,8768, 100;
2026-07-28T15:14:23+08:00,8768, 100;
2026-07-28T15:14:24+08:00,8768, 100;
2026-07-28T15:14:25+08:00,8768, 100;
2026-07-28T15:14:26+08:00,8768, 100;
2026-07-28T15:14:27+08:00,8768, 100;
2026-07-28T15:14:28+08:00,8768, 100;
2026-07-28T15:14:29+08:00,8768, 100;
2026-07-28T15:14:30+08:00,8768, 100;
2026-07-28T15:14:31+08:00,8768, 100;
2026-07-28T15:14:32+08:00,8768, 100;
2026-07-28T15:14:33+08:00,8768, 100;
2026-07-28T15:14:34+08:00,8768, 100;
2026-07-28T15:14:35+08:00,8768, 100;
2026-07-28T15:14:36+08:00,8768, 100;
2026-07-28T15:14:37+08:00,8768, 100;
2026-07-28T15:14:38+08:00,8768, 100;
2026-07-28T15:14:39+08:00,8768, 100;
2026-07-28T15:14:40+08:00,8768, 100;
2026-07-28T15:14:41+08:00,8768, 100;
2026-07-28T15:14:42+08:00,8768, 100;
2026-07-28T15:14:43+08:00,8768, 100;
2026-07-28T15:14:44+08:00,8768, 100;
2026-07-28T15:14:45+08:00,8768, 100;
2026-07-28T15:14:46+08:00,8768, 100;
2026-07-28T15:14:47+08:00,8768, 100;
2026-07-28T15:14:48+08:00,8768, 100;
2026-07-28T15:14:49+08:00,8768, 100;
2026-07-28T15:14:50+08:00,8768, 100;
2026-07-28T15:14:51+08:00,8768, 100;
2026-07-28T15:14:52+08:00,8768, 100;
2026-07-28T15:14:53+08:00,8768, 100;
2026-07-28T15:14:54+08:00,8768, 100;
2026-07-28T15:14:55+08:00,8768, 100;
2026-07-28T15:14:56+08:00,8768, 100;
2026-07-28T15:14:57+08:00,8768, 100;
2026-07-28T15:14:58+08:00,8768, 100;
2026-07-28T15:14:59+08:00,8768, 100;
2026-07-28T15:15:01+08:00,8768, 100;
2026-07-28T15:15:02+08:00,8768, 100;
2026-07-28T15:15:03+08:00,8768, 100;
2026-07-28T15:15:04+08:00,8768, 100;
2026-07-28T15:15:05+08:00,8768, 100;
2026-07-28T15:15:06+08:00,8768, 100;
2026-07-28T15:15:07+08:00,8768, 100;
2026-07-28T15:15:08+08:00,8768, 100;
2026-07-28T15:15:09+08:00,8768, 100;
2026-07-28T15:15:10+08:00,8768, 100;
2026-07-28T15:15:11+08:00,8768, 100;
2026-07-28T15:15:12+08:00,8768, 100;
2026-07-28T15:15:13+08:00,8768, 100;
2026-07-28T15:15:14+08:00,8768, 100;
2026-07-28T15:15:15+08:00,8768, 100;
2026-07-28T15:15:16+08:00,8768, 100;
2026-07-28T15:15:17+08:00,8768, 100;
2026-07-28T15:15:18+08:00,8768, 100;
2026-07-28T15:15:19+08:00,8768, 100;
2026-07-28T15:15:20+08:00,8768, 100;
2026-07-28T15:15:21+08:00,8768, 100;
2026-07-28T15:15:22+08:00,8768, 100;
2026-07-28T15:15:23+08:00,8768, 100;
2026-07-28T15:15:24+08:00,8768, 100;
2026-07-28T15:15:25+08:00,8768, 100;
2026-07-28T15:15:26+08:00,8768, 100;
2026-07-28T15:15:27+08:00,8768, 100;
2026-07-28T15:15:28+08:00,8768, 100;
2026-07-28T15:15:29+08:00,8768, 100;
2026-07-28T15:15:30+08:00,8768, 100;
2026-07-28T15:15:31+08:00,8768, 100;
2026-07-28T15:15:32+08:00,8768, 100;
2026-07-28T15:15:33+08:00,8768, 100;
2026-07-28T15:15:34+08:00,8768, 100;
2026-07-28T15:15:35+08:00,8768, 100;
2026-07-28T15:15:36+08:00,8768, 100;
2026-07-28T15:15:37+08:00,8768, 100;
2026-07-28T15:15:38+08:00,8768, 100;
2026-07-28T15:15:39+08:00,8768, 100;
2026-07-28T15:15:40+08:00,8768, 100;
2026-07-28T15:15:41+08:00,8768, 100;
2026-07-28T15:15:42+08:00,8768, 100;
2026-07-28T15:15:43+08:00,8768, 100;
2026-07-28T15:15:44+08:00,8768, 100;
2026-07-28T15:15:45+08:00,8768, 100;
2026-07-28T15:15:46+08:00,8768, 100;
2026-07-28T15:15:47+08:00,8768, 100;
2026-07-28T15:15:48+08:00,8768, 100;
2026-07-28T15:15:49+08:00,8768, 100;
2026-07-28T15:15:50+08:00,8768, 100;
2026-07-28T15:15:51+08:00,8768, 100;
2026-07-28T15:15:52+08:00,8768, 100;
2026-07-28T15:15:53+08:00,8768, 100;
2026-07-28T15:15:54+08:00,8768, 100;
2026-07-28T15:15:55+08:00,8768, 100;
2026-07-28T15:15:57+08:00,8768, 100;
2026-07-28T15:15:58+08:00,8768, 100;
2026-07-28T15:15:59+08:00,8768, 100;
2026-07-28T15:16:00+08:00,8768, 100;
2026-07-28T15:16:01+08:00,8768, 100;
2026-07-28T15:16:02+08:00,8768, 100;
2026-07-28T15:16:03+08:00,8768, 100;
2026-07-28T15:16:04+08:00,8768, 100;
2026-07-28T15:16:05+08:00,8768, 100;
2026-07-28T15:16:06+08:00,8768, 100;
2026-07-28T15:16:07+08:00,8768, 100;
2026-07-28T15:16:08+08:00,8768, 100;
2026-07-28T15:16:09+08:00,8768, 100;
2026-07-28T15:16:10+08:00,8768, 100;
2026-07-28T15:16:11+08:00,8768, 100;
2026-07-28T15:16:12+08:00,8768, 100;
2026-07-28T15:16:13+08:00,8768, 100;
2026-07-28T15:16:14+08:00,8768, 100;
2026-07-28T15:16:15+08:00,8768, 100;
2026-07-28T15:16:16+08:00,8768, 100;
2026-07-28T15:16:17+08:00,8768, 100;
2026-07-28T15:16:18+08:00,8768, 100;
2026-07-28T15:16:19+08:00,8768, 100;
2026-07-28T15:16:20+08:00,8768, 100;
2026-07-28T15:16:21+08:00,8768, 100;
2026-07-28T15:16:22+08:00,8768, 100;
2026-07-28T15:16:23+08:00,8768, 100;
2026-07-28T15:16:24+08:00,8768, 100;
2026-07-28T15:16:25+08:00,8768, 100;
2026-07-28T15:16:26+08:00,8768, 100;
2026-07-28T15:16:27+08:00,8768, 100;
2026-07-28T15:16:28+08:00,8768, 100;
2026-07-28T15:16:29+08:00,8768, 100;
2026-07-28T15:16:30+08:00,8768, 100;
2026-07-28T15:16:31+08:00,8768, 100;
2026-07-28T15:16:32+08:00,8768, 100;
2026-07-28T15:16:33+08:00,8768, 100;
2026-07-28T15:16:34+08:00,8768, 100;
2026-07-28T15:16:35+08:00,8768, 100;
2026-07-28T15:16:36+08:00,8768, 100;
2026-07-28T15:16:37+08:00,8768, 100;
2026-07-28T15:16:38+08:00,8768, 100;
2026-07-28T15:16:39+08:00,8768, 100;
2026-07-28T15:16:40+08:00,8768, 100;
2026-07-28T15:16:41+08:00,8768, 100;
2026-07-28T15:16:42+08:00,8768, 100;
2026-07-28T15:16:43+08:00,8768, 100;
2026-07-28T15:16:44+08:00,8768, 100;
2026-07-28T15:16:45+08:00,8768, 100;
2026-07-28T15:16:46+08:00,8768, 100;
2026-07-28T15:16:47+08:00,8768, 100;
2026-07-28T15:16:48+08:00,8768, 100;
2026-07-28T15:16:49+08:00,8768, 100;
2026-07-28T15:16:50+08:00,8768, 100;
2026-07-28T15:16:52+08:00,8768, 100;
2026-07-28T15:16:53+08:00,8768, 100;
2026-07-28T15:16:54+08:00,8768, 100;
2026-07-28T15:16:55+08:00,8768, 100;
2026-07-28T15:16:56+08:00,8768, 100;
2026-07-28T15:16:57+08:00,8768, 100;
2026-07-28T15:16:58+08:00,8768, 100;
2026-07-28T15:16:59+08:00,8768, 100;
2026-07-28T15:17:00+08:00,8768, 100;
2026-07-28T15:17:01+08:00,8768, 100;
2026-07-28T15:17:02+08:00,8768, 100;
2026-07-28T15:17:03+08:00,8768, 100;
2026-07-28T15:17:04+08:00,8768, 100;
2026-07-28T15:17:05+08:00,8768, 100;
2026-07-28T15:17:06+08:00,8768, 100;
2026-07-28T15:17:07+08:00,8768, 100;
2026-07-28T15:17:08+08:00,8768, 100;
2026-07-28T15:17:09+08:00,8768, 100;
2026-07-28T15:17:10+08:00,8768, 100;
2026-07-28T15:17:11+08:00,8768, 100;
2026-07-28T15:17:12+08:00,8768, 100;
2026-07-28T15:17:13+08:00,8768, 100;
2026-07-28T15:17:14+08:00,8768, 100;
2026-07-28T15:17:15+08:00,8768, 100;
2026-07-28T15:17:16+08:00,8768, 100;
2026-07-28T15:17:17+08:00,8768, 100;
2026-07-28T15:17:18+08:00,8768, 100;
2026-07-28T15:17:19+08:00,8768, 100;
2026-07-28T15:17:20+08:00,8768, 100;
2026-07-28T15:17:21+08:00,8768, 100;
2026-07-28T15:17:22+08:00,8768, 100;
2026-07-28T15:17:23+08:00,8768, 100;
2026-07-28T15:17:24+08:00,8768, 100;
2026-07-28T15:17:25+08:00,8768, 100;
2026-07-28T15:17:26+08:00,8768, 100;
2026-07-28T15:17:27+08:00,8768, 100;
2026-07-28T15:17:28+08:00,8768, 100;
2026-07-28T15:17:29+08:00,8768, 100;
2026-07-28T15:17:30+08:00,8768, 100;
2026-07-28T15:17:31+08:00,8768, 100;
2026-07-28T15:17:32+08:00,8768, 100;
2026-07-28T15:17:33+08:00,8768, 100;
2026-07-28T15:17:34+08:00,8768, 100;
2026-07-28T15:17:35+08:00,8768, 100;
2026-07-28T15:17:36+08:00,8768, 100;
2026-07-28T15:17:37+08:00,8768, 100;
2026-07-28T15:17:38+08:00,8768, 100;
2026-07-28T15:17:39+08:00,8768, 100;
2026-07-28T15:17:40+08:00,8768, 100;
2026-07-28T15:17:41+08:00,8768, 100;
2026-07-28T15:17:42+08:00,8768, 100;
2026-07-28T15:17:43+08:00,8768, 100;
2026-07-28T15:17:44+08:00,8768, 100;
2026-07-28T15:17:45+08:00,8768, 100;
2026-07-28T15:17:46+08:00,8768, 100;
2026-07-28T15:17:47+08:00,8768, 100;
2026-07-28T15:17:49+08:00,8768, 100;
2026-07-28T15:17:50+08:00,8768, 100;
2026-07-28T15:17:51+08:00,8768, 100;
2026-07-28T15:17:52+08:00,8768, 100;
2026-07-28T15:17:53+08:00,8768, 100;
2026-07-28T15:17:54+08:00,8768, 100;
2026-07-28T15:17:55+08:00,8768, 100;
2026-07-28T15:17:56+08:00,8768, 100;
2026-07-28T15:17:57+08:00,8768, 100;
2026-07-28T15:17:58+08:00,8768, 100;
2026-07-28T15:17:59+08:00,8768, 100;
2026-07-28T15:18:00+08:00,8768, 100;
2026-07-28T15:18:01+08:00,8768, 100;
2026-07-28T15:18:02+08:00,8768, 100;
2026-07-28T15:18:03+08:00,8768, 100;
2026-07-28T15:18:04+08:00,8768, 100;
2026-07-28T15:18:05+08:00,8768, 100;
2026-07-28T15:18:06+08:00,8768, 100;
2026-07-28T15:18:07+08:00,8768, 100;
2026-07-28T15:18:08+08:00,8768, 100;
2026-07-28T15:18:09+08:00,8768, 100;
2026-07-28T15:18:10+08:00,8768, 100;
2026-07-28T15:18:11+08:00,8768, 100;
2026-07-28T15:18:12+08:00,8768, 100;
2026-07-28T15:18:13+08:00,8768, 100;
2026-07-28T15:18:14+08:00,8768, 100;
2026-07-28T15:18:15+08:00,8768, 100;
2026-07-28T15:18:16+08:00,8768, 100;
2026-07-28T15:18:17+08:00,8768, 100;
2026-07-28T15:18:18+08:00,8768, 100;
2026-07-28T15:18:19+08:00,8768, 100;
2026-07-28T15:18:20+08:00,8768, 100;
2026-07-28T15:18:21+08:00,8768, 100;
2026-07-28T15:18:22+08:00,8768, 100;
2026-07-28T15:18:23+08:00,8768, 100;
2026-07-28T15:18:24+08:00,8768, 100;
2026-07-28T15:18:25+08:00,8768, 100;
2026-07-28T15:18:26+08:00,8768, 100;
2026-07-28T15:18:27+08:00,8768, 100;
2026-07-28T15:18:28+08:00,8768, 100;
2026-07-28T15:18:29+08:00,8768, 100;
2026-07-28T15:18:30+08:00,8768, 100;
2026-07-28T15:18:31+08:00,8768, 100;
2026-07-28T15:18:32+08:00,8768, 100;
2026-07-28T15:18:33+08:00,8768, 100;
2026-07-28T15:18:34+08:00,8768, 100;
2026-07-28T15:18:35+08:00,8768, 100;
2026-07-28T15:18:36+08:00,8768, 100;
2026-07-28T15:18:37+08:00,8768, 100;
2026-07-28T15:18:38+08:00,8768, 100;
2026-07-28T15:18:39+08:00,8768, 100;
2026-07-28T15:18:40+08:00,8768, 100;
2026-07-28T15:18:41+08:00,8768, 100;
2026-07-28T15:18:42+08:00,8768, 100;
2026-07-28T15:18:44+08:00,8768, 100;
2026-07-28T15:18:45+08:00,8768, 100;
2026-07-28T15:18:46+08:00,8768, 100;
2026-07-28T15:18:47+08:00,8768, 100;
2026-07-28T15:18:48+08:00,8768, 100;
2026-07-28T15:18:49+08:00,8768, 100;
2026-07-28T15:18:50+08:00,8768, 100;
2026-07-28T15:18:51+08:00,8768, 100;
2026-07-28T15:18:52+08:00,8768, 100;
2026-07-28T15:18:53+08:00,8768, 100;
2026-07-28T15:18:54+08:00,8768, 100;
2026-07-28T15:18:55+08:00,8768, 100;
2026-07-28T15:18:56+08:00,8768, 100;
2026-07-28T15:18:57+08:00,8768, 100;
2026-07-28T15:18:58+08:00,8768, 100;
2026-07-28T15:18:59+08:00,8768, 100;
2026-07-28T15:19:00+08:00,8768, 100;
2026-07-28T15:19:01+08:00,8768, 100;
2026-07-28T15:19:02+08:00,8768, 100;
2026-07-28T15:19:03+08:00,8768, 100;
2026-07-28T15:19:04+08:00,8768, 100;
2026-07-28T15:19:05+08:00,8768, 100;
2026-07-28T15:19:06+08:00,8768, 100;
2026-07-28T15:19:07+08:00,8768, 100;
2026-07-28T15:19:08+08:00,8768, 100;
2026-07-28T15:19:09+08:00,8768, 100;
2026-07-28T15:19:10+08:00,8768, 100;
2026-07-28T15:19:11+08:00,8768, 100;
2026-07-28T15:19:12+08:00,8768, 100;
2026-07-28T15:19:13+08:00,8768, 100;
2026-07-28T15:19:14+08:00,8768, 100;
2026-07-28T15:19:15+08:00,8768, 100;
2026-07-28T15:19:16+08:00,8768, 100;
2026-07-28T15:19:17+08:00,8768, 100;
2026-07-28T15:19:18+08:00,8768, 100;
2026-07-28T15:19:19+08:00,8768, 100;
2026-07-28T15:19:20+08:00,8768, 100;
2026-07-28T15:19:21+08:00,8768, 100;
2026-07-28T15:19:22+08:00,8768, 100;
2026-07-28T15:19:23+08:00,8768, 100;
2026-07-28T15:19:24+08:00,8768, 100;
2026-07-28T15:19:25+08:00,8768, 100;
2026-07-28T15:19:26+08:00,8768, 100;
2026-07-28T15:19:27+08:00,8768, 100;
2026-07-28T15:19:28+08:00,8768, 100;
2026-07-28T15:19:29+08:00,8768, 100;
2026-07-28T15:19:30+08:00,8768, 100;
2026-07-28T15:19:31+08:00,8768, 100;
2026-07-28T15:19:32+08:00,8768, 100;
2026-07-28T15:19:33+08:00,8768, 100;
2026-07-28T15:19:34+08:00,8768, 100;
2026-07-28T15:19:35+08:00,8768, 100;
2026-07-28T15:19:36+08:00,8768, 100;
2026-07-28T15:19:37+08:00,8768, 100;
2026-07-28T15:19:38+08:00,8768, 100;
2026-07-28T15:19:40+08:00,8768, 100;
2026-07-28T15:19:41+08:00,8768, 100;
2026-07-28T15:19:42+08:00,8768, 100;
2026-07-28T15:19:43+08:00,8768, 100;
2026-07-28T15:19:44+08:00,8768, 100;
2026-07-28T15:19:45+08:00,8768, 100;
2026-07-28T15:19:46+08:00,8768, 100;
2026-07-28T15:19:47+08:00,8768, 100;
2026-07-28T15:19:48+08:00,8768, 100;
2026-07-28T15:19:49+08:00,8768, 100;
2026-07-28T15:19:50+08:00,8768, 100;
2026-07-28T15:19:51+08:00,8768, 100;
2026-07-28T15:19:52+08:00,8768, 100;
2026-07-28T15:19:53+08:00,8768, 100;
2026-07-28T15:19:54+08:00,8768, 100;
2026-07-28T15:19:55+08:00,8768, 100;
2026-07-28T15:19:56+08:00,8768, 100;
2026-07-28T15:19:57+08:00,8768, 100;
2026-07-28T15:19:58+08:00,8768, 100;
2026-07-28T15:19:59+08:00,8768, 100;
2026-07-28T15:20:00+08:00,8768, 100;
2026-07-28T15:20:01+08:00,8768, 100;
2026-07-28T15:20:02+08:00,8768, 100;
2026-07-28T15:20:03+08:00,8768, 100;
2026-07-28T15:20:04+08:00,8768, 100;
2026-07-28T15:20:05+08:00,8768, 100;
2026-07-28T15:20:06+08:00,8768, 100;
2026-07-28T15:20:07+08:00,8768, 100;
2026-07-28T15:20:08+08:00,8768, 100;
2026-07-28T15:20:09+08:00,8768, 100;
2026-07-28T15:20:10+08:00,8768, 100;
2026-07-28T15:20:11+08:00,8768, 100;
2026-07-28T15:20:12+08:00,8768, 100;
2026-07-28T15:20:13+08:00,8768, 100;
2026-07-28T15:20:14+08:00,8768, 100;
2026-07-28T15:20:15+08:00,8768, 100;
2026-07-28T15:20:16+08:00,8768, 100;
2026-07-28T15:20:17+08:00,8768, 100;
2026-07-28T15:20:18+08:00,8768, 100;
2026-07-28T15:20:19+08:00,8768, 100;
2026-07-28T15:20:20+08:00,8768, 100;
2026-07-28T15:20:21+08:00,8768, 100;
2026-07-28T15:20:22+08:00,8768, 100;
2026-07-28T15:20:23+08:00,8768, 100;
2026-07-28T15:20:24+08:00,8768, 100;
2026-07-28T15:20:25+08:00,8768, 100;
2026-07-28T15:20:26+08:00,8768, 100;
2026-07-28T15:20:27+08:00,8768, 100;
2026-07-28T15:20:28+08:00,8768, 100;
2026-07-28T15:20:29+08:00,8768, 100;
2026-07-28T15:20:30+08:00,8768, 100;
2026-07-28T15:20:31+08:00,8768, 100;
2026-07-28T15:20:32+08:00,8768, 100;
2026-07-28T15:20:33+08:00,8768, 100;
2026-07-28T15:20:34+08:00,8768, 100;
2026-07-28T15:20:36+08:00,8768, 100;
2026-07-28T15:20:37+08:00,8768, 100;
2026-07-28T15:20:38+08:00,8768, 100;
2026-07-28T15:20:39+08:00,8768, 100;
2026-07-28T15:20:40+08:00,8768, 100;
2026-07-28T15:20:41+08:00,8768, 100;
2026-07-28T15:20:42+08:00,8768, 100;
2026-07-28T15:20:43+08:00,8768, 100;
2026-07-28T15:20:44+08:00,8768, 100;
2026-07-28T15:20:45+08:00,8768, 100;
2026-07-28T15:20:46+08:00,8768, 100;
2026-07-28T15:20:47+08:00,8768, 100;
2026-07-28T15:20:48+08:00,8768, 100;
2026-07-28T15:20:49+08:00,8768, 100;
2026-07-28T15:20:50+08:00,8768, 100;
2026-07-28T15:20:51+08:00,8768, 100;
2026-07-28T15:20:52+08:00,8768, 100;
2026-07-28T15:20:53+08:00,8768, 100;
2026-07-28T15:20:54+08:00,8768, 100;
2026-07-28T15:20:55+08:00,8768, 100;
2026-07-28T15:20:56+08:00,8768, 100;
2026-07-28T15:20:57+08:00,8768, 100;
2026-07-28T15:20:58+08:00,8768, 100;
2026-07-28T15:20:59+08:00,8768, 100;
2026-07-28T15:21:00+08:00,8768, 100;
2026-07-28T15:21:01+08:00,8768, 100;
2026-07-28T15:21:02+08:00,8768, 100;
2026-07-28T15:21:03+08:00,8768, 100;
2026-07-28T15:21:04+08:00,8768, 100;
2026-07-28T15:21:05+08:00,8768, 100;
2026-07-28T15:21:06+08:00,8768, 100;
2026-07-28T15:21:07+08:00,8768, 100;
2026-07-28T15:21:08+08:00,8768, 100;
2026-07-28T15:21:09+08:00,8768, 100;
2026-07-28T15:21:10+08:00,8768, 100;
2026-07-28T15:21:11+08:00,8768, 100;
2026-07-28T15:21:12+08:00,8768, 100;
2026-07-28T15:21:13+08:00,8768, 100;
2026-07-28T15:21:14+08:00,8768, 100;
2026-07-28T15:21:15+08:00,8768, 100;
2026-07-28T15:21:16+08:00,8768, 100;
2026-07-28T15:21:17+08:00,8768, 100;
2026-07-28T15:21:18+08:00,8768, 100;
2026-07-28T15:21:19+08:00,8768, 100;
2026-07-28T15:21:20+08:00,8768, 100;
2026-07-28T15:21:21+08:00,8768, 100;
2026-07-28T15:21:22+08:00,8768, 100;
2026-07-28T15:21:23+08:00,8768, 100;
2026-07-28T15:21:24+08:00,8768, 100;
2026-07-28T15:21:25+08:00,8768, 100;
2026-07-28T15:21:26+08:00,8768, 100;
2026-07-28T15:21:27+08:00,8768, 100;
2026-07-28T15:21:28+08:00,8768, 100;
2026-07-28T15:21:29+08:00,8768, 100;
2026-07-28T15:21:30+08:00,8768, 100;
2026-07-28T15:21:32+08:00,8768, 100;
2026-07-28T15:21:33+08:00,8768, 100;
2026-07-28T15:21:34+08:00,8768, 100;
2026-07-28T15:21:35+08:00,8768, 100;
2026-07-28T15:21:36+08:00,8768, 100;
2026-07-28T15:21:37+08:00,8768, 100;
2026-07-28T15:21:38+08:00,8768, 100;
2026-07-28T15:21:39+08:00,8768, 100;
2026-07-28T15:21:40+08:00,8768, 100;
2026-07-28T15:21:41+08:00,8768, 100;
2026-07-28T15:21:42+08:00,8768, 100;
2026-07-28T15:21:43+08:00,8768, 100;
2026-07-28T15:21:44+08:00,8768, 100;
2026-07-28T15:21:45+08:00,8768, 100;
2026-07-28T15:21:46+08:00,8768, 100;
2026-07-28T15:21:47+08:00,8768, 100;
2026-07-28T15:21:48+08:00,8768, 100;
2026-07-28T15:21:49+08:00,8768, 100;
2026-07-28T15:21:50+08:00,8768, 100;
2026-07-28T15:21:51+08:00,8768, 100;
2026-07-28T15:21:52+08:00,8768, 100;
2026-07-28T15:21:53+08:00,8768, 100;
2026-07-28T15:21:54+08:00,8768, 100;
2026-07-28T15:21:55+08:00,8768, 100;
2026-07-28T15:21:56+08:00,8768, 100;
2026-07-28T15:21:57+08:00,8768, 100;
2026-07-28T15:21:58+08:00,8768, 100;
2026-07-28T15:21:59+08:00,8768, 100;
2026-07-28T15:22:00+08:00,8768, 100;
2026-07-28T15:22:01+08:00,8768, 100;
2026-07-28T15:22:02+08:00,8768, 100;
2026-07-28T15:22:03+08:00,8768, 100;
2026-07-28T15:22:04+08:00,8768, 100;
2026-07-28T15:22:05+08:00,8768, 100;
2026-07-28T15:22:06+08:00,8768, 100;
2026-07-28T15:22:07+08:00,8768, 100;
2026-07-28T15:22:08+08:00,8768, 100;
2026-07-28T15:22:09+08:00,8768, 100;
2026-07-28T15:22:10+08:00,8768, 100;
2026-07-28T15:22:11+08:00,8768, 100;
2026-07-28T15:22:12+08:00,8768, 100;
2026-07-28T15:22:13+08:00,8768, 100;
2026-07-28T15:22:14+08:00,8768, 100;
2026-07-28T15:22:15+08:00,8768, 100;
2026-07-28T15:22:16+08:00,8768, 100;
2026-07-28T15:22:17+08:00,8768, 100;
2026-07-28T15:22:18+08:00,8768, 100;
2026-07-28T15:22:19+08:00,8768, 100;
2026-07-28T15:22:20+08:00,8768, 100;
2026-07-28T15:22:21+08:00,8768, 100;
2026-07-28T15:22:22+08:00,8768, 100;
2026-07-28T15:22:23+08:00,8768, 100;
2026-07-28T15:22:24+08:00,8768, 100;
2026-07-28T15:22:25+08:00,8768, 100;
2026-07-28T15:22:26+08:00,8768, 100;
2026-07-28T15:22:28+08:00,8768, 100;
2026-07-28T15:22:29+08:00,8768, 100;
2026-07-28T15:22:30+08:00,8768, 100;
2026-07-28T15:22:31+08:00,8768, 100;
2026-07-28T15:22:32+08:00,8768, 100;
2026-07-28T15:22:33+08:00,8768, 100;
2026-07-28T15:22:34+08:00,8768, 100;
2026-07-28T15:22:35+08:00,8768, 100;
2026-07-28T15:22:36+08:00,8768, 100;
2026-07-28T15:22:37+08:00,8768, 100;
2026-07-28T15:22:38+08:00,8768, 100;
2026-07-28T15:22:39+08:00,8768, 100;
2026-07-28T15:22:40+08:00,8768, 100;
2026-07-28T15:22:41+08:00,8768, 100;
2026-07-28T15:22:42+08:00,8768, 100;
2026-07-28T15:22:43+08:00,8768, 100;
2026-07-28T15:22:44+08:00,8768, 100;
2026-07-28T15:22:45+08:00,8768, 100;
2026-07-28T15:22:46+08:00,8768, 100;
2026-07-28T15:22:47+08:00,8768, 100;
2026-07-28T15:22:48+08:00,8768, 100;
2026-07-28T15:22:49+08:00,8768, 100;
2026-07-28T15:22:50+08:00,8768, 100;
2026-07-28T15:22:51+08:00,8768, 100;
2026-07-28T15:22:52+08:00,8768, 100;
2026-07-28T15:22:53+08:00,8768, 100;
2026-07-28T15:22:54+08:00,8768, 100;
2026-07-28T15:22:55+08:00,8768, 100;
2026-07-28T15:22:56+08:00,8768, 100;
2026-07-28T15:22:57+08:00,8768, 100;
2026-07-28T15:22:58+08:00,8768, 100;
2026-07-28T15:22:59+08:00,8768, 100;
2026-07-28T15:23:00+08:00,8768, 100;
2026-07-28T15:23:01+08:00,8768, 100;
2026-07-28T15:23:02+08:00,8768, 100;
2026-07-28T15:23:03+08:00,8768, 100;
2026-07-28T15:23:04+08:00,8768, 100;
2026-07-28T15:23:05+08:00,8768, 100;
2026-07-28T15:23:06+08:00,8768, 100;
2026-07-28T15:23:07+08:00,8768, 100;
2026-07-28T15:23:08+08:00,8768, 100;
2026-07-28T15:23:09+08:00,8768, 100;
2026-07-28T15:23:10+08:00,8768, 100;
2026-07-28T15:23:11+08:00,8768, 100;
2026-07-28T15:23:12+08:00,8768, 100;
2026-07-28T15:23:13+08:00,8768, 100;
2026-07-28T15:23:14+08:00,8768, 100;
2026-07-28T15:23:15+08:00,8768, 100;
2026-07-28T15:23:16+08:00,8768, 100;
2026-07-28T15:23:17+08:00,8768, 100;
2026-07-28T15:23:18+08:00,8768, 100;
2026-07-28T15:23:19+08:00,8768, 100;
2026-07-28T15:23:20+08:00,8768, 100;
2026-07-28T15:23:21+08:00,8768, 100;
2026-07-28T15:23:22+08:00,8768, 100;
2026-07-28T15:23:24+08:00,8768, 100;
2026-07-28T15:23:25+08:00,8768, 100;
2026-07-28T15:23:26+08:00,8768, 100;
2026-07-28T15:23:27+08:00,8768, 100;
2026-07-28T15:23:28+08:00,8768, 100;
2026-07-28T15:23:29+08:00,8768, 100;
2026-07-28T15:23:30+08:00,8768, 100;
2026-07-28T15:23:31+08:00,8768, 100;
2026-07-28T15:23:32+08:00,8768, 100;
2026-07-28T15:23:33+08:00,8768, 100;
2026-07-28T15:23:34+08:00,8768, 100;
2026-07-28T15:23:35+08:00,8768, 100;
2026-07-28T15:23:36+08:00,8768, 100;
2026-07-28T15:23:37+08:00,8768, 100;
2026-07-28T15:23:38+08:00,8768, 100;
2026-07-28T15:23:39+08:00,8768, 100;
2026-07-28T15:23:40+08:00,8768, 100;
2026-07-28T15:23:41+08:00,8768, 100;
2026-07-28T15:23:42+08:00,8768, 100;
2026-07-28T15:23:43+08:00,8768, 100;
2026-07-28T15:23:44+08:00,8768, 100;
2026-07-28T15:23:45+08:00,8768, 100;
2026-07-28T15:23:46+08:00,8768, 100;
2026-07-28T15:23:47+08:00,8768, 100;
2026-07-28T15:23:48+08:00,8768, 100;
2026-07-28T15:23:49+08:00,8768, 100;
2026-07-28T15:23:50+08:00,8768, 100;
2026-07-28T15:23:51+08:00,8768, 100;
2026-07-28T15:23:52+08:00,8768, 100;
2026-07-28T15:23:53+08:00,8768, 100;
2026-07-28T15:23:54+08:00,8768, 100;
2026-07-28T15:23:55+08:00,8768, 100;
2026-07-28T15:23:56+08:00,8768, 100;
2026-07-28T15:23:57+08:00,8768, 100;
2026-07-28T15:23:58+08:00,8768, 100;
2026-07-28T15:23:59+08:00,8768, 100;
2026-07-28T15:24:00+08:00,8768, 100;
2026-07-28T15:24:01+08:00,8768, 100;
2026-07-28T15:24:02+08:00,8768, 100;
2026-07-28T15:24:03+08:00,8768, 100;
2026-07-28T15:24:04+08:00,8768, 100;
2026-07-28T15:24:05+08:00,8768, 100;
2026-07-28T15:24:06+08:00,8768, 100;
2026-07-28T15:24:07+08:00,8768, 100;
2026-07-28T15:24:08+08:00,8768, 100;
2026-07-28T15:24:09+08:00,8768, 100;
2026-07-28T15:24:10+08:00,8768, 100;
2026-07-28T15:24:11+08:00,8768, 100;
2026-07-28T15:24:12+08:00,8768, 100;
2026-07-28T15:24:13+08:00,8768, 100;
2026-07-28T15:24:14+08:00,8768, 100;
2026-07-28T15:24:15+08:00,8768, 100;
2026-07-28T15:24:16+08:00,8768, 100;
2026-07-28T15:24:17+08:00,8768, 100;
2026-07-28T15:24:18+08:00,8768, 100;
2026-07-28T15:24:20+08:00,8768, 100;
2026-07-28T15:24:21+08:00,8768, 100;
2026-07-28T15:24:22+08:00,8768, 100;
2026-07-28T15:24:23+08:00,8768, 100;
2026-07-28T15:24:24+08:00,8768, 100;
2026-07-28T15:24:25+08:00,8768, 100;
2026-07-28T15:24:26+08:00,8768, 100;
2026-07-28T15:24:27+08:00,8768, 100;
2026-07-28T15:24:28+08:00,8768, 100;
2026-07-28T15:24:29+08:00,8768, 100;
2026-07-28T15:24:30+08:00,8768, 100;
2026-07-28T15:24:31+08:00,8768, 100;
2026-07-28T15:24:32+08:00,8768, 100;
2026-07-28T15:24:33+08:00,8768, 100;
2026-07-28T15:24:34+08:00,8768, 100;
2026-07-28T15:24:35+08:00,8768, 100;
2026-07-28T15:24:36+08:00,8768, 100;
2026-07-28T15:24:37+08:00,8768, 100;
2026-07-28T15:24:38+08:00,8768, 100;
2026-07-28T15:24:39+08:00,8768, 100;
2026-07-28T15:24:40+08:00,8768, 100;
2026-07-28T15:24:41+08:00,8768, 100;
2026-07-28T15:24:42+08:00,8768, 100;
2026-07-28T15:24:43+08:00,8768, 100;
2026-07-28T15:24:44+08:00,8768, 100;
2026-07-28T15:24:45+08:00,8768, 100;
2026-07-28T15:24:46+08:00,8768, 100;
2026-07-28T15:24:47+08:00,8768, 100;
2026-07-28T15:24:48+08:00,8768, 100;
2026-07-28T15:24:49+08:00,8768, 100;
2026-07-28T15:24:50+08:00,8768, 100;
2026-07-28T15:24:51+08:00,8768, 100;
2026-07-28T15:24:52+08:00,8768, 100;
2026-07-28T15:24:53+08:00,8768, 100;
2026-07-28T15:24:54+08:00,8768, 100;
2026-07-28T15:24:55+08:00,8768, 100;
2026-07-28T15:24:56+08:00,8768, 100;
2026-07-28T15:24:57+08:00,8768, 100;
2026-07-28T15:24:58+08:00,8768, 100;
2026-07-28T15:24:59+08:00,8768, 100;
2026-07-28T15:25:00+08:00,8768, 100;
2026-07-28T15:25:01+08:00,8768, 100;
2026-07-28T15:25:02+08:00,8768, 100;
2026-07-28T15:25:03+08:00,8768, 100;
2026-07-28T15:25:04+08:00,8768, 100;
2026-07-28T15:25:05+08:00,8768, 100;
2026-07-28T15:25:06+08:00,8768, 100;
2026-07-28T15:25:07+08:00,8768, 100;
2026-07-28T15:25:08+08:00,8768, 100;
2026-07-28T15:25:09+08:00,8768, 100;
2026-07-28T15:25:10+08:00,8768, 100;
2026-07-28T15:25:11+08:00,8768, 100;
2026-07-28T15:25:12+08:00,8768, 100;
2026-07-28T15:25:13+08:00,8768, 100;
2026-07-28T15:25:14+08:00,8768, 100;
2026-07-28T15:25:15+08:00,8768, 100;
2026-07-28T15:25:16+08:00,8768, 100;
2026-07-28T15:25:17+08:00,8768, 100;
2026-07-28T15:25:18+08:00,8768, 100;
2026-07-28T15:25:19+08:00,8768, 100;
2026-07-28T15:25:21+08:00,8768, 100;
2026-07-28T15:25:22+08:00,8768, 100;
2026-07-28T15:25:23+08:00,8768, 100;
2026-07-28T15:25:24+08:00,8768, 100;
2026-07-28T15:25:25+08:00,8768, 100;
2026-07-28T15:25:26+08:00,8768, 100;
2026-07-28T15:25:27+08:00,8768, 100;
2026-07-28T15:25:28+08:00,8768, 100;
2026-07-28T15:25:29+08:00,8768, 100;
2026-07-28T15:25:30+08:00,8768, 100;
2026-07-28T15:25:31+08:00,8768, 100;
2026-07-28T15:25:32+08:00,8768, 100;
2026-07-28T15:25:33+08:00,8768, 100;
2026-07-28T15:25:34+08:00,8768, 100;
2026-07-28T15:25:35+08:00,8768, 100;
2026-07-28T15:25:36+08:00,8768, 100;
2026-07-28T15:25:37+08:00,8768, 100;
2026-07-28T15:25:38+08:00,8768, 100;
2026-07-28T15:25:39+08:00,8768, 100;
2026-07-28T15:25:40+08:00,8768, 100;
2026-07-28T15:25:41+08:00,8768, 100;
2026-07-28T15:25:42+08:00,8768, 100;
2026-07-28T15:25:43+08:00,8768, 100;
2026-07-28T15:25:44+08:00,8768, 100;
2026-07-28T15:25:45+08:00,8768, 100;
2026-07-28T15:25:46+08:00,8768, 100;
2026-07-28T15:25:47+08:00,8768, 100;
2026-07-28T15:25:48+08:00,8768, 100;
2026-07-28T15:25:49+08:00,8768, 100;
2026-07-28T15:25:50+08:00,8768, 100;
2026-07-28T15:25:51+08:00,8768, 100;
2026-07-28T15:25:52+08:00,8768, 100;
2026-07-28T15:25:53+08:00,8768, 100;
2026-07-28T15:25:54+08:00,8768, 100;
2026-07-28T15:25:55+08:00,8768, 100;
2026-07-28T15:25:56+08:00,8768, 100;
2026-07-28T15:25:57+08:00,8768, 100;
2026-07-28T15:25:58+08:00,8768, 100;
2026-07-28T15:25:59+08:00,8768, 100;
2026-07-28T15:26:00+08:00,8768, 100;
2026-07-28T15:26:01+08:00,8768, 100;
2026-07-28T15:26:02+08:00,8768, 100;
2026-07-28T15:26:03+08:00,8768, 100;
2026-07-28T15:26:04+08:00,8768, 100;
2026-07-28T15:26:05+08:00,8768, 100;
2026-07-28T15:26:06+08:00,8768, 100;
2026-07-28T15:26:07+08:00,8768, 100;
2026-07-28T15:26:08+08:00,8768, 100;
2026-07-28T15:26:09+08:00,8768, 100;
2026-07-28T15:26:10+08:00,8768, 100;
2026-07-28T15:26:11+08:00,8768, 100;
2026-07-28T15:26:12+08:00,8768, 100;
2026-07-28T15:26:13+08:00,8768, 100;
2026-07-28T15:26:14+08:00,8768, 100;
2026-07-28T15:26:15+08:00,8768, 100;
2026-07-28T15:26:16+08:00,8768, 100;
2026-07-28T15:26:17+08:00,8768, 100;
2026-07-28T15:26:18+08:00,8768, 100;
2026-07-28T15:26:19+08:00,8768, 100;
2026-07-28T15:26:20+08:00,8768, 100;
2026-07-28T15:26:21+08:00,8768, 100;
2026-07-28T15:26:23+08:00,8768, 100;
2026-07-28T15:26:24+08:00,8768, 100;
2026-07-28T15:26:25+08:00,8768, 100;
2026-07-28T15:26:26+08:00,8768, 100;
2026-07-28T15:26:27+08:00,8768, 100;
2026-07-28T15:26:28+08:00,8768, 100;
2026-07-28T15:26:29+08:00,8768, 100;
2026-07-28T15:26:30+08:00,8768, 100;
2026-07-28T15:26:31+08:00,8768, 100;
2026-07-28T15:26:32+08:00,8768, 100;
2026-07-28T15:26:33+08:00,8768, 100;
2026-07-28T15:26:34+08:00,8768, 100;
2026-07-28T15:26:35+08:00,8768, 100;
2026-07-28T15:26:36+08:00,8768, 100;
2026-07-28T15:26:37+08:00,8768, 100;
2026-07-28T15:26:38+08:00,8768, 100;
2026-07-28T15:26:39+08:00,8768, 100;
2026-07-28T15:26:40+08:00,8768, 100;
2026-07-28T15:26:41+08:00,8768, 100;
2026-07-28T15:26:42+08:00,8768, 100;
2026-07-28T15:26:43+08:00,8768, 100;
2026-07-28T15:26:44+08:00,8768, 100;
2026-07-28T15:26:45+08:00,8768, 100;
2026-07-28T15:26:46+08:00,8768, 100;
2026-07-28T15:26:47+08:00,8768, 100;
2026-07-28T15:26:48+08:00,8768, 100;
2026-07-28T15:26:49+08:00,8768, 100;
2026-07-28T15:26:50+08:00,8768, 100;
2026-07-28T15:26:51+08:00,8768, 100;
2026-07-28T15:26:52+08:00,8768, 100;
2026-07-28T15:26:53+08:00,8768, 100;
2026-07-28T15:26:54+08:00,8768, 100;
2026-07-28T15:26:55+08:00,8768, 100;
2026-07-28T15:26:56+08:00,8768, 100;
2026-07-28T15:26:57+08:00,8768, 100;
2026-07-28T15:26:58+08:00,8768, 100;
2026-07-28T15:26:59+08:00,8768, 100;
2026-07-28T15:27:00+08:00,8768, 100;
2026-07-28T15:27:01+08:00,8768, 100;
2026-07-28T15:27:02+08:00,8768, 100;
2026-07-28T15:27:03+08:00,8768, 100;
2026-07-28T15:27:04+08:00,8768, 100;
2026-07-28T15:27:05+08:00,8768, 100;
2026-07-28T15:27:06+08:00,8768, 100;
2026-07-28T15:27:07+08:00,8768, 100;
2026-07-28T15:27:08+08:00,8768, 100;
2026-07-28T15:27:09+08:00,8768, 100;
2026-07-28T15:27:10+08:00,8768, 100;
2026-07-28T15:27:11+08:00,8768, 100;
2026-07-28T15:27:12+08:00,8768, 100;
2026-07-28T15:27:13+08:00,8768, 100;
2026-07-28T15:27:14+08:00,8768, 100;
2026-07-28T15:27:15+08:00,8768, 100;
2026-07-28T15:27:16+08:00,8768, 100;
2026-07-28T15:27:17+08:00,8768, 100;
2026-07-28T15:27:18+08:00,8768, 100;
2026-07-28T15:27:19+08:00,8768, 100;
2026-07-28T15:27:20+08:00,8768, 100;
2026-07-28T15:27:21+08:00,8768, 100;
2026-07-28T15:27:22+08:00,8768, 100;
2026-07-28T15:27:23+08:00,8768, 100;
2026-07-28T15:27:24+08:00,8768, 100;
2026-07-28T15:27:26+08:00,8768, 100;
2026-07-28T15:27:27+08:00,8768, 100;
2026-07-28T15:27:28+08:00,8768, 100;
2026-07-28T15:27:29+08:00,8768, 100;
2026-07-28T15:27:30+08:00,8768, 100;
2026-07-28T15:27:31+08:00,8768, 100;
2026-07-28T15:27:32+08:00,8768, 100;
2026-07-28T15:27:33+08:00,8768, 100;
2026-07-28T15:27:34+08:00,8768, 100;
2026-07-28T15:27:35+08:00,8768, 100;
2026-07-28T15:27:36+08:00,8768, 100;
2026-07-28T15:27:37+08:00,8768, 100;
2026-07-28T15:27:38+08:00,8768, 100;
2026-07-28T15:27:39+08:00,8768, 100;
2026-07-28T15:27:40+08:00,8768, 100;
2026-07-28T15:27:41+08:00,8768, 100;
2026-07-28T15:27:42+08:00,8768, 100;
2026-07-28T15:27:43+08:00,8768, 100;
2026-07-28T15:27:44+08:00,8768, 100;
2026-07-28T15:27:45+08:00,8768, 100;
2026-07-28T15:27:46+08:00,8768, 100;
2026-07-28T15:27:47+08:00,8768, 100;
2026-07-28T15:27:48+08:00,8768, 100;
2026-07-28T15:27:49+08:00,8768, 100;
2026-07-28T15:27:50+08:00,8768, 100;
2026-07-28T15:27:51+08:00,8768, 100;
2026-07-28T15:27:52+08:00,8768, 100;
2026-07-28T15:27:53+08:00,8768, 100;
2026-07-28T15:27:54+08:00,8768, 100;
2026-07-28T15:27:55+08:00,8768, 100;
2026-07-28T15:27:56+08:00,8768, 100;
2026-07-28T15:27:57+08:00,8768, 100;
2026-07-28T15:27:58+08:00,8768, 100;
2026-07-28T15:27:59+08:00,8768, 100;
2026-07-28T15:28:00+08:00,8768, 100;
2026-07-28T15:28:01+08:00,8768, 100;
2026-07-28T15:28:02+08:00,8768, 100;
2026-07-28T15:28:03+08:00,8768, 100;
2026-07-28T15:28:04+08:00,8768, 100;
2026-07-28T15:28:05+08:00,8768, 100;
2026-07-28T15:28:06+08:00,8768, 100;
2026-07-28T15:28:07+08:00,8768, 100;
2026-07-28T15:28:08+08:00,8768, 100;
2026-07-28T15:28:09+08:00,8768, 100;
2026-07-28T15:28:10+08:00,8768, 100;
2026-07-28T15:28:11+08:00,8768, 100;
2026-07-28T15:28:12+08:00,8768, 100;
2026-07-28T15:28:13+08:00,8768, 100;
2026-07-28T15:28:14+08:00,8768, 100;
2026-07-28T15:28:15+08:00,8768, 100;
2026-07-28T15:28:16+08:00,8768, 100;
2026-07-28T15:28:17+08:00,8768, 100;
2026-07-28T15:28:18+08:00,8768, 100;
2026-07-28T15:28:19+08:00,8768, 100;
2026-07-28T15:28:20+08:00,8768, 100;
2026-07-28T15:28:21+08:00,8768, 100;
2026-07-28T15:28:22+08:00,8768, 100;
2026-07-28T15:28:23+08:00,8768, 100;
2026-07-28T15:28:24+08:00,8768, 100;
2026-07-28T15:28:25+08:00,8768, 100;
2026-07-28T15:28:26+08:00,8768, 100;
2026-07-28T15:28:28+08:00,8768, 100;
2026-07-28T15:28:29+08:00,8768, 100;
2026-07-28T15:28:30+08:00,8768, 100;
2026-07-28T15:28:31+08:00,8768, 100;
2026-07-28T15:28:32+08:00,8768, 100;
2026-07-28T15:28:33+08:00,8768, 100;
2026-07-28T15:28:34+08:00,8768, 100;
2026-07-28T15:28:35+08:00,8768, 100;
2026-07-28T15:28:36+08:00,8768, 100;
2026-07-28T15:28:37+08:00,8768, 100;
2026-07-28T15:28:38+08:00,8768, 100;
2026-07-28T15:28:39+08:00,8768, 100;
2026-07-28T15:28:40+08:00,8768, 100;
2026-07-28T15:28:41+08:00,8768, 100;
2026-07-28T15:28:42+08:00,8768, 100;
2026-07-28T15:28:43+08:00,8768, 100;
2026-07-28T15:28:44+08:00,8768, 100;
2026-07-28T15:28:45+08:00,8768, 100;
2026-07-28T15:28:46+08:00,8768, 100;
2026-07-28T15:28:47+08:00,8768, 100;
2026-07-28T15:28:48+08:00,8768, 100;
2026-07-28T15:28:49+08:00,8768, 100;
2026-07-28T15:28:50+08:00,8768, 100;
2026-07-28T15:28:51+08:00,8768, 100;
2026-07-28T15:28:52+08:00,8768, 100;
2026-07-28T15:28:53+08:00,8768, 100;
2026-07-28T15:28:54+08:00,8768, 100;
2026-07-28T15:28:55+08:00,8768, 100;
2026-07-28T15:28:56+08:00,8768, 100;
2026-07-28T15:28:57+08:00,8768, 100;
2026-07-28T15:28:58+08:00,8768, 100;
2026-07-28T15:28:59+08:00,8768, 100;
2026-07-28T15:29:00+08:00,8768, 100;
2026-07-28T15:29:01+08:00,8768, 100;
2026-07-28T15:29:02+08:00,8768, 100;
2026-07-28T15:29:03+08:00,8768, 100;
2026-07-28T15:29:04+08:00,8768, 100;
2026-07-28T15:29:05+08:00,8768, 100;
2026-07-28T15:29:06+08:00,8768, 100;
2026-07-28T15:29:07+08:00,8768, 100;
2026-07-28T15:29:08+08:00,8768, 100;
2026-07-28T15:29:09+08:00,8768, 100;
2026-07-28T15:29:10+08:00,8768, 100;
2026-07-28T15:29:11+08:00,8768, 100;
2026-07-28T15:29:12+08:00,8768, 100;
2026-07-28T15:29:13+08:00,8768, 100;
2026-07-28T15:29:14+08:00,8768, 100;
2026-07-28T15:29:15+08:00,8768, 100;
2026-07-28T15:29:16+08:00,8768, 100;
2026-07-28T15:29:17+08:00,8768, 100;
2026-07-28T15:29:18+08:00,8768, 100;
2026-07-28T15:29:19+08:00,8768, 100;
2026-07-28T15:29:20+08:00,8768, 100;
2026-07-28T15:29:21+08:00,8768, 100;
2026-07-28T15:29:22+08:00,8768, 100;
2026-07-28T15:29:23+08:00,8768, 100;
2026-07-28T15:29:24+08:00,8768, 100;
2026-07-28T15:29:25+08:00,8768, 100;
2026-07-28T15:29:26+08:00,8768, 100;
2026-07-28T15:29:27+08:00,8768, 100;
2026-07-28T15:29:29+08:00,8768, 100;
2026-07-28T15:29:30+08:00,8768, 100;
2026-07-28T15:29:31+08:00,8768, 100;
2026-07-28T15:29:32+08:00,8768, 100;
2026-07-28T15:29:33+08:00,8768, 100;
2026-07-28T15:29:34+08:00,8768, 100;
2026-07-28T15:29:35+08:00,8768, 100;
2026-07-28T15:29:36+08:00,8768, 100;
2026-07-28T15:29:37+08:00,8768, 100;
2026-07-28T15:29:38+08:00,8768, 100;
2026-07-28T15:29:39+08:00,8768, 100;
2026-07-28T15:29:40+08:00,8768, 100;
2026-07-28T15:29:41+08:00,8768, 100;
2026-07-28T15:29:42+08:00,8768, 100;
2026-07-28T15:29:43+08:00,8768, 100;
2026-07-28T15:29:44+08:00,8768, 100;
2026-07-28T15:29:45+08:00,8768, 100;
2026-07-28T15:29:46+08:00,8768, 100;
2026-07-28T15:29:47+08:00,8768, 100;
2026-07-28T15:29:48+08:00,8768, 100;
2026-07-28T15:29:49+08:00,8768, 100;
2026-07-28T15:29:50+08:00,8768, 100;
2026-07-28T15:29:51+08:00,8768, 100;
2026-07-28T15:29:52+08:00,8768, 100;
2026-07-28T15:29:53+08:00,8768, 100;
2026-07-28T15:29:54+08:00,8768, 100;
2026-07-28T15:29:55+08:00,8768, 100;
2026-07-28T15:29:56+08:00,8768, 100;
2026-07-28T15:29:57+08:00,8768, 100;
2026-07-28T15:29:58+08:00,8768, 100;
2026-07-28T15:29:59+08:00,8768, 100;
2026-07-28T15:30:00+08:00,8768, 100;
2026-07-28T15:30:01+08:00,8768, 100;
2026-07-28T15:30:02+08:00,8768, 100;
2026-07-28T15:30:03+08:00,8768, 100;
2026-07-28T15:30:04+08:00,8768, 100;
2026-07-28T15:30:05+08:00,8768, 100;
2026-07-28T15:30:06+08:00,8768, 100;
2026-07-28T15:30:07+08:00,8768, 100;
2026-07-28T15:30:08+08:00,8768, 100;
2026-07-28T15:30:09+08:00,8768, 100;
2026-07-28T15:30:10+08:00,8768, 100;
2026-07-28T15:30:11+08:00,8768, 100;
2026-07-28T15:30:12+08:00,8768, 100;
2026-07-28T15:30:13+08:00,8768, 100;
2026-07-28T15:30:14+08:00,8768, 100;
2026-07-28T15:30:15+08:00,8768, 100;
2026-07-28T15:30:16+08:00,8768, 100;
2026-07-28T15:30:17+08:00,8768, 100;
2026-07-28T15:30:18+08:00,8768, 100;
2026-07-28T15:30:19+08:00,8768, 100;
2026-07-28T15:30:20+08:00,8768, 100;
2026-07-28T15:30:21+08:00,8768, 100;
2026-07-28T15:30:22+08:00,8768, 100;
2026-07-28T15:30:23+08:00,8768, 100;
2026-07-28T15:30:24+08:00,8768, 100;
2026-07-28T15:30:25+08:00,8768, 100;
2026-07-28T15:30:26+08:00,8768, 100;
2026-07-28T15:30:27+08:00,8768, 100;
2026-07-28T15:30:28+08:00,8768, 100;
2026-07-28T15:30:29+08:00,8768, 100;
2026-07-28T15:30:31+08:00,8768, 100;
2026-07-28T15:30:32+08:00,8768, 100;
2026-07-28T15:30:33+08:00,8768, 100;
2026-07-28T15:30:34+08:00,8768, 100;
2026-07-28T15:30:35+08:00,8768, 100;
2026-07-28T15:30:36+08:00,8768, 100;
2026-07-28T15:30:37+08:00,8768, 100;
2026-07-28T15:30:38+08:00,8768, 100;
2026-07-28T15:30:39+08:00,8768, 100;
2026-07-28T15:30:40+08:00,8768, 100;
2026-07-28T15:30:41+08:00,8768, 100;
2026-07-28T15:30:42+08:00,8768, 100;
2026-07-28T15:30:43+08:00,8768, 100;
2026-07-28T15:30:44+08:00,8768, 100;
2026-07-28T15:30:45+08:00,8768, 100;
2026-07-28T15:30:46+08:00,8768, 100;
2026-07-28T15:30:47+08:00,8768, 100;
2026-07-28T15:30:48+08:00,8768, 100;
2026-07-28T15:30:49+08:00,8768, 100;
2026-07-28T15:30:50+08:00,8768, 100;
2026-07-28T15:30:51+08:00,8768, 100;
2026-07-28T15:30:52+08:00,8768, 100;
2026-07-28T15:30:53+08:00,8768, 100;
2026-07-28T15:30:54+08:00,8768, 100;
2026-07-28T15:30:55+08:00,8768, 100;
2026-07-28T15:30:56+08:00,8768, 100;
2026-07-28T15:30:57+08:00,8768, 100;
2026-07-28T15:30:58+08:00,8768, 100;
2026-07-28T15:30:59+08:00,8768, 100;
2026-07-28T15:31:00+08:00,8768, 100;
2026-07-28T15:31:01+08:00,8768, 100;
2026-07-28T15:31:02+08:00,8768, 100;
2026-07-28T15:31:03+08:00,8768, 100;
2026-07-28T15:31:04+08:00,8768, 100;
2026-07-28T15:31:05+08:00,8768, 100;
2026-07-28T15:31:06+08:00,8768, 100;
2026-07-28T15:31:07+08:00,8768, 100;
2026-07-28T15:31:08+08:00,8768, 100;
2026-07-28T15:31:09+08:00,8768, 100;
2026-07-28T15:31:10+08:00,8768, 100;
2026-07-28T15:31:11+08:00,8768, 100;
2026-07-28T15:31:12+08:00,8768, 100;
2026-07-28T15:31:13+08:00,8768, 100;
2026-07-28T15:31:14+08:00,8768, 100;
2026-07-28T15:31:15+08:00,8768, 100;
2026-07-28T15:31:16+08:00,8768, 100;
2026-07-28T15:31:17+08:00,8768, 100;
2026-07-28T15:31:18+08:00,8768, 100;
2026-07-28T15:31:19+08:00,8768, 100;
2026-07-28T15:31:20+08:00,8768, 100;
2026-07-28T15:31:21+08:00,8768, 100;
2026-07-28T15:31:22+08:00,8768, 100;
2026-07-28T15:31:23+08:00,8768, 100;
2026-07-28T15:31:24+08:00,8768, 100;
2026-07-28T15:31:25+08:00,8768, 100;
2026-07-28T15:31:26+08:00,8768, 100;
2026-07-28T15:31:27+08:00,8768, 100;
2026-07-28T15:31:28+08:00,8768, 100;
2026-07-28T15:31:29+08:00,8768, 100;
2026-07-28T15:31:30+08:00,8768, 100;
2026-07-28T15:31:31+08:00,8768, 100;
2026-07-28T15:31:33+08:00,8768, 100;
2026-07-28T15:31:34+08:00,8768, 100;
2026-07-28T15:31:35+08:00,8768, 100;
2026-07-28T15:31:36+08:00,8768, 100;
2026-07-28T15:31:37+08:00,8768, 100;
2026-07-28T15:31:38+08:00,8768, 100;
2026-07-28T15:31:39+08:00,8768, 100;
2026-07-28T15:31:40+08:00,8768, 100;
2026-07-28T15:31:41+08:00,8768, 100;
2026-07-28T15:31:42+08:00,8768, 100;
2026-07-28T15:31:43+08:00,8768, 100;
2026-07-28T15:31:44+08:00,8768, 100;
2026-07-28T15:31:45+08:00,8768, 100;
2026-07-28T15:31:46+08:00,8768, 100;
2026-07-28T15:31:47+08:00,8768, 100;
2026-07-28T15:31:48+08:00,8768, 100;
2026-07-28T15:31:49+08:00,8768, 100;
2026-07-28T15:31:50+08:00,8768, 100;
2026-07-28T15:31:51+08:00,8768, 100;
2026-07-28T15:31:52+08:00,8768, 100;
2026-07-28T15:31:53+08:00,8768, 100;
2026-07-28T15:31:54+08:00,8768, 100;
2026-07-28T15:31:55+08:00,8768, 100;
2026-07-28T15:31:56+08:00,8768, 100;
2026-07-28T15:31:57+08:00,8768, 100;
2026-07-28T15:31:58+08:00,8768, 100;
2026-07-28T15:31:59+08:00,8768, 100;
2026-07-28T15:32:00+08:00,8768, 100;
2026-07-28T15:32:01+08:00,8768, 100;
2026-07-28T15:32:02+08:00,8768, 100;
2026-07-28T15:32:03+08:00,8768, 100;
2026-07-28T15:32:04+08:00,8768, 100;
2026-07-28T15:32:05+08:00,8768, 100;
2026-07-28T15:32:06+08:00,8768, 100;
2026-07-28T15:32:07+08:00,8768, 100;
2026-07-28T15:32:08+08:00,8768, 100;
2026-07-28T15:32:09+08:00,8768, 100;
2026-07-28T15:32:10+08:00,8768, 100;
2026-07-28T15:32:11+08:00,8768, 100;
2026-07-28T15:32:12+08:00,8768, 100;
2026-07-28T15:32:13+08:00,8768, 100;
2026-07-28T15:32:14+08:00,8768, 100;
2026-07-28T15:32:15+08:00,8768, 100;
2026-07-28T15:32:16+08:00,8768, 100;
2026-07-28T15:32:17+08:00,8768, 100;
2026-07-28T15:32:18+08:00,8768, 100;
2026-07-28T15:32:19+08:00,8768, 100;
2026-07-28T15:32:20+08:00,8768, 100;
2026-07-28T15:32:21+08:00,8768, 100;
2026-07-28T15:32:22+08:00,8768, 100;
2026-07-28T15:32:23+08:00,8768, 100;
2026-07-28T15:32:24+08:00,8768, 100;
2026-07-28T15:32:25+08:00,8768, 100;
2026-07-28T15:32:26+08:00,8768, 100;
2026-07-28T15:32:27+08:00,8768, 100;
2026-07-28T15:32:28+08:00,8768, 100;
2026-07-28T15:32:29+08:00,8768, 100;
2026-07-28T15:32:30+08:00,8768, 100;
2026-07-28T15:32:31+08:00,8768, 100;
2026-07-28T15:32:32+08:00,8768, 100;
2026-07-28T15:32:33+08:00,8768, 100;
2026-07-28T15:32:35+08:00,8768, 100;
2026-07-28T15:32:36+08:00,8768, 100;
2026-07-28T15:32:37+08:00,8768, 100;
2026-07-28T15:32:38+08:00,8768, 100;
2026-07-28T15:32:39+08:00,8768, 100;
2026-07-28T15:32:40+08:00,8768, 100;
2026-07-28T15:32:41+08:00,8768, 100;
2026-07-28T15:32:42+08:00,8768, 100;
2026-07-28T15:32:43+08:00,8768, 100;
2026-07-28T15:32:44+08:00,8768, 100;
2026-07-28T15:32:45+08:00,8768, 100;
2026-07-28T15:32:46+08:00,8768, 100;
2026-07-28T15:32:47+08:00,8768, 100;
2026-07-28T15:32:48+08:00,8768, 100;
2026-07-28T15:32:49+08:00,8768, 100;
2026-07-28T15:32:50+08:00,8768, 100;
2026-07-28T15:32:51+08:00,8768, 100;
2026-07-28T15:32:52+08:00,8768, 100;
2026-07-28T15:32:53+08:00,8768, 100;
2026-07-28T15:32:54+08:00,8768, 100;
2026-07-28T15:32:55+08:00,8768, 100;
2026-07-28T15:32:56+08:00,8768, 100;
2026-07-28T15:32:57+08:00,8768, 100;
2026-07-28T15:32:58+08:00,8768, 100;
2026-07-28T15:32:59+08:00,8768, 100;
2026-07-28T15:33:00+08:00,8768, 100;
2026-07-28T15:33:01+08:00,8768, 100;
2026-07-28T15:33:02+08:00,8768, 100;
2026-07-28T15:33:03+08:00,8768, 100;
2026-07-28T15:33:04+08:00,8768, 100;
2026-07-28T15:33:05+08:00,8768, 100;
2026-07-28T15:33:06+08:00,8768, 100;
2026-07-28T15:33:07+08:00,8768, 100;
2026-07-28T15:33:08+08:00,8768, 100;
2026-07-28T15:33:09+08:00,8768, 100;
2026-07-28T15:33:10+08:00,8768, 100;
2026-07-28T15:33:11+08:00,8768, 100;
2026-07-28T15:33:12+08:00,8768, 100;
2026-07-28T15:33:13+08:00,8768, 100;
2026-07-28T15:33:14+08:00,8768, 100;
2026-07-28T15:33:15+08:00,8768, 100;
2026-07-28T15:33:16+08:00,8768, 100;
2026-07-28T15:33:17+08:00,8768, 100;
2026-07-28T15:33:18+08:00,8768, 100;
2026-07-28T15:33:19+08:00,8768, 100;
2026-07-28T15:33:20+08:00,8768, 100;
2026-07-28T15:33:21+08:00,8768, 100;
2026-07-28T15:33:22+08:00,8768, 100;
2026-07-28T15:33:23+08:00,8768, 100;
2026-07-28T15:33:24+08:00,8768, 100;
2026-07-28T15:33:25+08:00,8768, 100;
2026-07-28T15:33:26+08:00,8768, 100;
2026-07-28T15:33:27+08:00,8768, 100;
2026-07-28T15:33:28+08:00,8768, 100;
2026-07-28T15:33:29+08:00,8768, 100;
2026-07-28T15:33:30+08:00,8768, 100;
2026-07-28T15:33:31+08:00,8768, 100;
2026-07-28T15:33:32+08:00,8768, 100;
2026-07-28T15:33:33+08:00,8768, 100;
2026-07-28T15:33:34+08:00,8768, 100;
2026-07-28T15:33:35+08:00,8768, 100;
2026-07-28T15:33:37+08:00,8768, 100;
2026-07-28T15:33:38+08:00,8768, 100;
2026-07-28T15:33:39+08:00,8768, 100;
2026-07-28T15:33:40+08:00,8768, 100;
2026-07-28T15:33:41+08:00,8768, 100;
2026-07-28T15:33:42+08:00,8768, 100;
2026-07-28T15:33:43+08:00,8768, 100;
2026-07-28T15:33:44+08:00,8768, 100;
2026-07-28T15:33:45+08:00,8768, 100;
2026-07-28T15:33:46+08:00,8768, 100;
2026-07-28T15:33:47+08:00,8768, 100;
2026-07-28T15:33:48+08:00,8768, 100;
2026-07-28T15:33:49+08:00,8768, 100;
2026-07-28T15:33:50+08:00,8768, 100;
2026-07-28T15:33:51+08:00,8768, 100;
2026-07-28T15:33:52+08:00,8768, 100;
2026-07-28T15:33:53+08:00,8768, 100;
2026-07-28T15:33:54+08:00,8768, 100;
2026-07-28T15:33:55+08:00,8768, 100;
2026-07-28T15:33:56+08:00,8768, 100;
2026-07-28T15:33:57+08:00,8768, 100;
2026-07-28T15:33:58+08:00,8768, 100;
2026-07-28T15:33:59+08:00,8768, 100;
2026-07-28T15:34:00+08:00,8768, 100;
2026-07-28T15:34:01+08:00,8768, 100;
2026-07-28T15:34:02+08:00,8768, 100;
2026-07-28T15:34:03+08:00,8768, 100;
2026-07-28T15:34:04+08:00,8768, 100;
2026-07-28T15:34:05+08:00,8768, 100;
2026-07-28T15:34:06+08:00,8768, 100;
2026-07-28T15:34:07+08:00,8768, 100;
2026-07-28T15:34:08+08:00,8768, 100;
2026-07-28T15:34:09+08:00,8768, 100;
2026-07-28T15:34:10+08:00,8768, 100;
2026-07-28T15:34:11+08:00,8768, 100;
2026-07-28T15:34:12+08:00,8768, 100;
2026-07-28T15:34:13+08:00,8768, 100;
2026-07-28T15:34:14+08:00,8768, 100;
2026-07-28T15:34:15+08:00,8768, 100;
2026-07-28T15:34:16+08:00,8768, 100;
2026-07-28T15:34:17+08:00,8768, 100;
2026-07-28T15:34:18+08:00,8768, 100;
2026-07-28T15:34:19+08:00,8768, 100;
2026-07-28T15:34:20+08:00,8768, 100;
2026-07-28T15:34:21+08:00,8768, 100;
2026-07-28T15:34:22+08:00,8768, 100;
2026-07-28T15:34:23+08:00,8768, 100;
2026-07-28T15:34:24+08:00,8768, 100;
2026-07-28T15:34:25+08:00,8768, 100;
2026-07-28T15:34:26+08:00,8768, 100;
2026-07-28T15:34:27+08:00,8768, 100;
2026-07-28T15:34:28+08:00,8768, 100;
2026-07-28T15:34:29+08:00,8768, 100;
2026-07-28T15:34:30+08:00,8768, 100;
2026-07-28T15:34:31+08:00,8768, 100;
2026-07-28T15:34:32+08:00,8768, 100;
2026-07-28T15:34:33+08:00,8768, 100;
2026-07-28T15:34:34+08:00,8768, 100;
2026-07-28T15:34:35+08:00,8768, 100;
2026-07-28T15:34:36+08:00,8768, 100;
2026-07-28T15:34:37+08:00,8768, 100;
2026-07-28T15:34:39+08:00,8768, 100;
2026-07-28T15:34:40+08:00,8768, 100;
2026-07-28T15:34:41+08:00,8768, 100;
2026-07-28T15:34:42+08:00,8768, 100;
2026-07-28T15:34:43+08:00,8768, 100;
2026-07-28T15:34:44+08:00,8768, 100;
2026-07-28T15:34:45+08:00,8768, 100;
2026-07-28T15:34:46+08:00,8768, 100;
2026-07-28T15:34:47+08:00,8768, 100;
2026-07-28T15:34:48+08:00,8768, 100;
2026-07-28T15:34:49+08:00,8768, 100;
2026-07-28T15:34:50+08:00,8768, 100;
2026-07-28T15:34:51+08:00,8768, 100;
2026-07-28T15:34:52+08:00,8768, 100;
2026-07-28T15:34:53+08:00,8768, 100;
2026-07-28T15:34:54+08:00,8768, 100;
2026-07-28T15:34:55+08:00,8768, 100;
2026-07-28T15:34:56+08:00,8768, 100;
2026-07-28T15:34:57+08:00,8768, 100;
2026-07-28T15:34:58+08:00,8768, 100;
2026-07-28T15:34:59+08:00,8768, 100;
2026-07-28T15:35:00+08:00,8768, 100;
2026-07-28T15:35:01+08:00,8768, 100;
2026-07-28T15:35:02+08:00,8768, 100;
2026-07-28T15:35:03+08:00,8768, 100;
2026-07-28T15:35:04+08:00,8768, 100;
2026-07-28T15:35:05+08:00,8768, 100;
2026-07-28T15:35:06+08:00,8768, 100;
2026-07-28T15:35:07+08:00,8768, 100;
2026-07-28T15:35:08+08:00,8768, 100;
2026-07-28T15:35:09+08:00,8768, 100;
2026-07-28T15:35:10+08:00,8768, 100;
2026-07-28T15:35:11+08:00,8768, 100;
2026-07-28T15:35:12+08:00,8768, 100;
2026-07-28T15:35:13+08:00,8768, 100;
2026-07-28T15:35:14+08:00,8768, 100;
2026-07-28T15:35:15+08:00,8768, 100;
2026-07-28T15:35:16+08:00,8768, 100;
2026-07-28T15:35:17+08:00,8768, 100;
2026-07-28T15:35:18+08:00,8768, 100;
2026-07-28T15:35:19+08:00,8768, 100;
2026-07-28T15:35:20+08:00,8768, 100;
2026-07-28T15:35:21+08:00,8768, 100;
2026-07-28T15:35:22+08:00,8768, 100;
2026-07-28T15:35:23+08:00,8768, 100;
2026-07-28T15:35:24+08:00,8768, 100;
2026-07-28T15:35:25+08:00,8768, 100;
2026-07-28T15:35:26+08:00,8768, 100;
2026-07-28T15:35:27+08:00,8768, 100;
2026-07-28T15:35:28+08:00,8768, 100;
2026-07-28T15:35:29+08:00,8768, 100;
2026-07-28T15:35:30+08:00,8768, 100;
2026-07-28T15:35:31+08:00,8768, 100;
2026-07-28T15:35:32+08:00,8768, 100;
2026-07-28T15:35:33+08:00,8768, 99;
2026-07-28T15:35:34+08:00,8768, 98;
2026-07-28T15:35:35+08:00,8768, 100;
2026-07-28T15:35:36+08:00,8768, 100;
2026-07-28T15:35:37+08:00,8768, 100;
2026-07-28T15:35:38+08:00,8768, 100;
2026-07-28T15:35:40+08:00,8768, 100;
2026-07-28T15:35:41+08:00,8768, 100;
2026-07-28T15:35:42+08:00,8768, 100;
2026-07-28T15:35:43+08:00,8768, 100;
2026-07-28T15:35:44+08:00,8768, 99;
2026-07-28T15:35:45+08:00,8768, 99;
2026-07-28T15:35:46+08:00,8768, 100;
2026-07-28T15:35:47+08:00,8768, 100;
2026-07-28T15:35:48+08:00,8768, 100;
2026-07-28T15:35:49+08:00,8768, 100;
2026-07-28T15:35:50+08:00,8768, 100;
2026-07-28T15:35:51+08:00,8768, 100;
2026-07-28T15:35:52+08:00,8768, 100;
2026-07-28T15:35:53+08:00,8768, 100;
2026-07-28T15:35:54+08:00,8768, 100;
2026-07-28T15:35:55+08:00,8768, 100;
2026-07-28T15:35:56+08:00,8768, 100;
2026-07-28T15:35:57+08:00,8768, 100;
2026-07-28T15:35:58+08:00,8768, 100;
2026-07-28T15:35:59+08:00,8768, 100;
2026-07-28T15:36:00+08:00,8768, 100;
2026-07-28T15:36:01+08:00,8768, 100;
2026-07-28T15:36:02+08:00,8768, 100;
2026-07-28T15:36:03+08:00,8768, 100;
2026-07-28T15:36:04+08:00,8768, 100;
2026-07-28T15:36:05+08:00,8768, 99;
2026-07-28T15:36:06+08:00,8768, 99;
2026-07-28T15:36:07+08:00,8768, 100;
2026-07-28T15:36:08+08:00,8768, 100;
2026-07-28T15:36:09+08:00,8768, 100;
2026-07-28T15:36:10+08:00,8768, 100;
2026-07-28T15:36:11+08:00,8768, 100;
2026-07-28T15:36:12+08:00,8768, 100;
2026-07-28T15:36:13+08:00,8768, 100;
2026-07-28T15:36:14+08:00,8768, 100;
2026-07-28T15:36:15+08:00,8768, 100;
2026-07-28T15:36:16+08:00,8768, 100;
2026-07-28T15:36:17+08:00,8768, 100;
2026-07-28T15:36:18+08:00,8768, 100;
2026-07-28T15:36:19+08:00,8768, 100;
2026-07-28T15:36:20+08:00,8768, 100;
2026-07-28T15:36:21+08:00,8768, 100;
2026-07-28T15:36:22+08:00,8768, 100;
2026-07-28T15:36:23+08:00,8768, 100;
2026-07-28T15:36:24+08:00,8768, 100;
2026-07-28T15:36:25+08:00,8768, 100;
2026-07-28T15:36:26+08:00,8768, 100;
2026-07-28T15:36:27+08:00,8768, 100;
2026-07-28T15:36:28+08:00,8768, 100;
2026-07-28T15:36:29+08:00,8768, 100;
2026-07-28T15:36:30+08:00,8768, 100;
2026-07-28T15:36:31+08:00,8768, 100;
2026-07-28T15:36:32+08:00,8768, 100;
2026-07-28T15:36:33+08:00,8768, 100;
2026-07-28T15:36:35+08:00,8768, 100;
2026-07-28T15:36:36+08:00,8768, 100;
2026-07-28T15:36:37+08:00,8768, 100;
2026-07-28T15:36:38+08:00,8768, 100;
2026-07-28T15:36:39+08:00,8768, 100;
2026-07-28T15:36:40+08:00,8768, 100;
2026-07-28T15:36:41+08:00,8768, 100;
2026-07-28T15:36:42+08:00,8768, 100;
2026-07-28T15:36:43+08:00,8768, 100;
2026-07-28T15:36:44+08:00,8768, 100;
2026-07-28T15:36:45+08:00,8768, 100;
2026-07-28T15:36:46+08:00,8768, 100;
2026-07-28T15:36:47+08:00,8768, 100;
2026-07-28T15:36:48+08:00,8768, 100;
2026-07-28T15:36:49+08:00,8768, 100;
2026-07-28T15:36:50+08:00,8768, 99;
2026-07-28T15:36:51+08:00,8768, 99;
2026-07-28T15:36:52+08:00,8768, 100;
2026-07-28T15:36:53+08:00,8768, 100;
2026-07-28T15:36:54+08:00,8768, 100;
2026-07-28T15:36:55+08:00,8768, 100;
2026-07-28T15:36:56+08:00,8768, 100;
2026-07-28T15:36:57+08:00,8768, 100;
2026-07-28T15:36:58+08:00,8768, 100;
2026-07-28T15:36:59+08:00,8768, 100;
2026-07-28T15:37:00+08:00,8768, 100;
2026-07-28T15:37:01+08:00,8768, 100;
2026-07-28T15:37:02+08:00,8768, 100;
2026-07-28T15:37:03+08:00,8768, 100;
2026-07-28T15:37:04+08:00,8768, 100;
2026-07-28T15:37:05+08:00,8768, 100;
2026-07-28T15:37:06+08:00,8768, 100;
2026-07-28T15:37:07+08:00,8768, 100;
2026-07-28T15:37:08+08:00,8768, 100;
2026-07-28T15:37:09+08:00,8768, 100;
2026-07-28T15:37:10+08:00,8768, 100;
2026-07-28T15:37:11+08:00,8768, 100;
2026-07-28T15:37:12+08:00,8768, 100;
2026-07-28T15:37:13+08:00,8768, 100;
2026-07-28T15:37:14+08:00,8768, 100;
2026-07-28T15:37:15+08:00,8768, 100;
2026-07-28T15:37:16+08:00,8768, 100;
2026-07-28T15:37:17+08:00,8768, 100;
2026-07-28T15:37:18+08:00,8768, 100;
2026-07-28T15:37:19+08:00,8768, 100;
2026-07-28T15:37:20+08:00,8768, 100;
2026-07-28T15:37:21+08:00,8768, 100;
2026-07-28T15:37:22+08:00,8768, 100;
2026-07-28T15:37:23+08:00,8768, 100;
2026-07-28T15:37:24+08:00,8768, 100;
2026-07-28T15:37:25+08:00,8768, 100;
2026-07-28T15:37:26+08:00,8768, 100;
2026-07-28T15:37:27+08:00,8768, 100;
2026-07-28T15:37:28+08:00,8768, 100;
2026-07-28T15:37:29+08:00,8768, 100;
2026-07-28T15:37:31+08:00,8768, 100;
2026-07-28T15:37:32+08:00,8768, 100;
2026-07-28T15:37:33+08:00,8768, 100;
2026-07-28T15:37:34+08:00,8768, 100;
2026-07-28T15:37:35+08:00,8768, 100;
2026-07-28T15:37:36+08:00,8768, 100;
2026-07-28T15:37:37+08:00,8768, 100;
2026-07-28T15:37:38+08:00,8768, 100;
2026-07-28T15:37:39+08:00,8768, 100;
2026-07-28T15:37:40+08:00,8768, 100;
2026-07-28T15:37:41+08:00,8768, 100;
2026-07-28T15:37:42+08:00,8768, 100;
2026-07-28T15:37:43+08:00,8768, 100;
2026-07-28T15:37:44+08:00,8768, 100;
2026-07-28T15:37:45+08:00,8768, 100;
2026-07-28T15:37:46+08:00,8768, 100;
2026-07-28T15:37:47+08:00,8768, 100;
2026-07-28T15:37:48+08:00,8768, 100;
2026-07-28T15:37:49+08:00,8768, 100;
2026-07-28T15:37:50+08:00,8768, 100;
2026-07-28T15:37:51+08:00,8768, 100;
2026-07-28T15:37:52+08:00,8768, 100;
2026-07-28T15:37:53+08:00,8768, 100;
2026-07-28T15:37:54+08:00,8768, 100;
2026-07-28T15:37:55+08:00,8768, 100;
2026-07-28T15:37:56+08:00,8768, 100;
2026-07-28T15:37:57+08:00,8768, 100;
2026-07-28T15:37:58+08:00,8768, 100;
2026-07-28T15:37:59+08:00,8768, 100;
2026-07-28T15:38:00+08:00,8768, 100;
2026-07-28T15:38:01+08:00,8768, 100;
2026-07-28T15:38:02+08:00,8768, 100;
2026-07-28T15:38:03+08:00,8768, 100;
2026-07-28T15:38:04+08:00,8768, 100;
2026-07-28T15:38:05+08:00,8768, 100;
2026-07-28T15:38:06+08:00,8768, 100;
2026-07-28T15:38:07+08:00,8768, 100;
2026-07-28T15:38:08+08:00,8768, 100;
2026-07-28T15:38:09+08:00,8768, 100;
2026-07-28T15:38:10+08:00,8768, 100;
2026-07-28T15:38:11+08:00,8768, 100;
2026-07-28T15:38:12+08:00,8768, 100;
2026-07-28T15:38:13+08:00,8768, 100;
2026-07-28T15:38:14+08:00,8768, 100;
2026-07-28T15:38:15+08:00,8768, 100;
2026-07-28T15:38:16+08:00,8768, 100;
2026-07-28T15:38:17+08:00,8768, 100;
2026-07-28T15:38:18+08:00,8768, 100;
2026-07-28T15:38:19+08:00,8768, 100;
2026-07-28T15:38:20+08:00,8768, 100;
2026-07-28T15:38:21+08:00,8768, 100;
2026-07-28T15:38:22+08:00,8768, 100;
2026-07-28T15:38:23+08:00,8768, 100;
2026-07-28T15:38:24+08:00,8768, 100;
2026-07-28T15:38:25+08:00,8768, 100;
2026-07-28T15:38:26+08:00,8768, 100;
2026-07-28T15:38:27+08:00,8768, 100;
2026-07-28T15:38:29+08:00,8768, 100;
2026-07-28T15:38:30+08:00,8768, 100;
2026-07-28T15:38:31+08:00,8768, 100;
2026-07-28T15:38:32+08:00,8768, 100;
2026-07-28T15:38:33+08:00,8768, 100;
2026-07-28T15:38:34+08:00,8768, 100;
2026-07-28T15:38:35+08:00,8768, 100;
2026-07-28T15:38:36+08:00,8768, 100;
2026-07-28T15:38:37+08:00,8768, 100;
2026-07-28T15:38:38+08:00,8768, 100;
2026-07-28T15:38:39+08:00,8768, 100;
2026-07-28T15:38:40+08:00,8768, 100;
2026-07-28T15:38:41+08:00,8768, 100;
2026-07-28T15:38:42+08:00,8768, 100;
2026-07-28T15:38:43+08:00,8768, 100;
2026-07-28T15:38:44+08:00,8768, 100;
2026-07-28T15:38:45+08:00,8768, 100;
2026-07-28T15:38:46+08:00,8768, 100;
2026-07-28T15:38:47+08:00,8768, 100;
2026-07-28T15:38:48+08:00,8768, 100;
2026-07-28T15:38:49+08:00,8768, 100;
2026-07-28T15:38:50+08:00,8768, 100;
2026-07-28T15:38:51+08:00,8768, 100;
2026-07-28T15:38:52+08:00,8768, 100;
2026-07-28T15:38:53+08:00,8768, 100;
2026-07-28T15:38:54+08:00,8768, 100;
2026-07-28T15:38:55+08:00,8768, 100;
2026-07-28T15:38:56+08:00,8768, 100;
2026-07-28T15:38:57+08:00,8768, 100;
2026-07-28T15:38:58+08:00,8768, 100;
2026-07-28T15:38:59+08:00,8768, 100;
2026-07-28T15:39:00+08:00,8768, 100;
2026-07-28T15:39:01+08:00,8768, 100;
2026-07-28T15:39:02+08:00,8768, 100;
2026-07-28T15:39:03+08:00,8768, 100;
2026-07-28T15:39:04+08:00,8768, 100;
2026-07-28T15:39:05+08:00,8768, 100;
2026-07-28T15:39:06+08:00,8768, 100;
2026-07-28T15:39:07+08:00,8768, 100;
2026-07-28T15:39:08+08:00,8768, 100;
2026-07-28T15:39:09+08:00,8768, 100;
2026-07-28T15:39:10+08:00,8768, 100;
2026-07-28T15:39:11+08:00,8768, 100;
2026-07-28T15:39:12+08:00,8768, 100;
2026-07-28T15:39:13+08:00,8768, 100;
2026-07-28T15:39:14+08:00,8768, 100;
2026-07-28T15:39:15+08:00,8768, 100;
2026-07-28T15:39:16+08:00,8768, 100;
2026-07-28T15:39:17+08:00,8768, 100;
2026-07-28T15:39:18+08:00,8768, 100;
2026-07-28T15:39:19+08:00,8768, 100;
2026-07-28T15:39:20+08:00,8768, 100;
2026-07-28T15:39:21+08:00,8768, 100;
2026-07-28T15:39:22+08:00,8768, 100;
2026-07-28T15:39:23+08:00,8768, 100;
2026-07-28T15:39:24+08:00,8768, 100;
2026-07-28T15:39:25+08:00,8768, 100;
2026-07-28T15:39:26+08:00,8768, 100;
2026-07-28T15:39:27+08:00,8768, 100;
2026-07-28T15:39:28+08:00,8768, 100;
2026-07-28T15:39:29+08:00,8768, 100;
2026-07-28T15:39:31+08:00,8768, 100;
2026-07-28T15:39:32+08:00,8768, 100;
2026-07-28T15:39:33+08:00,8768, 100;
2026-07-28T15:39:34+08:00,8768, 100;
2026-07-28T15:39:35+08:00,8768, 100;
2026-07-28T15:39:36+08:00,8768, 100;
2026-07-28T15:39:37+08:00,8768, 100;
2026-07-28T15:39:38+08:00,8768, 100;
2026-07-28T15:39:39+08:00,8768, 100;
2026-07-28T15:39:40+08:00,8768, 100;
2026-07-28T15:39:41+08:00,8768, 100;
2026-07-28T15:39:42+08:00,8768, 100;
2026-07-28T15:39:43+08:00,8768, 100;
2026-07-28T15:39:44+08:00,8768, 100;
2026-07-28T15:39:45+08:00,8768, 100;
2026-07-28T15:39:46+08:00,8768, 100;
2026-07-28T15:39:47+08:00,8768, 100;
2026-07-28T15:39:48+08:00,8768, 100;
2026-07-28T15:39:49+08:00,8768, 100;
2026-07-28T15:39:50+08:00,8768, 100;
2026-07-28T15:39:51+08:00,8768, 100;
2026-07-28T15:39:52+08:00,8768, 100;
2026-07-28T15:39:53+08:00,8768, 100;
2026-07-28T15:39:54+08:00,8768, 100;
2026-07-28T15:39:55+08:00,8768, 100;
2026-07-28T15:39:56+08:00,8768, 100;
2026-07-28T15:39:57+08:00,8768, 100;
2026-07-28T15:39:58+08:00,8768, 100;
2026-07-28T15:39:59+08:00,8768, 100;
2026-07-28T15:40:00+08:00,8768, 100;
2026-07-28T15:40:01+08:00,8768, 100;
2026-07-28T15:40:02+08:00,8768, 100;
2026-07-28T15:40:03+08:00,8768, 100;
2026-07-28T15:40:04+08:00,8768, 100;
2026-07-28T15:40:05+08:00,8768, 100;
2026-07-28T15:40:06+08:00,8768, 100;
2026-07-28T15:40:07+08:00,8768, 100;
2026-07-28T15:40:08+08:00,8768, 100;
2026-07-28T15:40:09+08:00,8768, 100;
2026-07-28T15:40:10+08:00,8768, 100;
2026-07-28T15:40:11+08:00,8768, 100;
2026-07-28T15:40:12+08:00,8768, 100;
2026-07-28T15:40:13+08:00,8768, 100;
2026-07-28T15:40:14+08:00,8768, 100;
2026-07-28T15:40:15+08:00,8768, 100;
2026-07-28T15:40:16+08:00,8768, 100;
2026-07-28T15:40:17+08:00,8768, 100;
2026-07-28T15:40:18+08:00,8768, 100;
2026-07-28T15:40:19+08:00,8768, 100;
2026-07-28T15:40:20+08:00,8768, 100;
2026-07-28T15:40:21+08:00,8768, 100;
2026-07-28T15:40:22+08:00,8768, 100;
2026-07-28T15:40:23+08:00,8768, 100;
2026-07-28T15:40:24+08:00,8768, 100;
2026-07-28T15:40:25+08:00,8768, 100;
2026-07-28T15:40:26+08:00,8768, 100;
2026-07-28T15:40:27+08:00,8768, 100;
2026-07-28T15:40:28+08:00,8768, 100;
2026-07-28T15:40:29+08:00,8768, 100;
2026-07-28T15:40:30+08:00,8768, 100;
2026-07-28T15:40:32+08:00,8768, 100;
2026-07-28T15:40:33+08:00,8768, 100;
2026-07-28T15:40:34+08:00,8768, 100;
2026-07-28T15:40:35+08:00,8768, 99;
2026-07-28T15:40:36+08:00,8768, 99;
2026-07-28T15:40:37+08:00,8768, 100;
2026-07-28T15:40:38+08:00,8768, 100;
2026-07-28T15:40:39+08:00,8768, 100;
2026-07-28T15:40:40+08:00,8768, 100;
2026-07-28T15:40:41+08:00,8768, 100;
2026-07-28T15:40:42+08:00,8768, 100;
2026-07-28T15:40:43+08:00,8768, 100;
2026-07-28T15:40:44+08:00,8768, 100;
2026-07-28T15:40:45+08:00,8768, 100;
2026-07-28T15:40:46+08:00,8768, 100;
2026-07-28T15:40:47+08:00,8768, 100;
2026-07-28T15:40:48+08:00,8768, 100;
2026-07-28T15:40:49+08:00,8768, 100;
2026-07-28T15:40:50+08:00,8768, 100;
2026-07-28T15:40:51+08:00,8768, 100;
2026-07-28T15:40:52+08:00,8768, 100;
2026-07-28T15:40:53+08:00,8768, 100;
2026-07-28T15:40:54+08:00,8768, 100;
2026-07-28T15:40:55+08:00,8768, 100;
2026-07-28T15:40:56+08:00,8768, 100;
2026-07-28T15:40:57+08:00,8768, 100;
2026-07-28T15:40:58+08:00,8768, 99;
2026-07-28T15:40:59+08:00,8768, 100;
2026-07-28T15:41:00+08:00,8768, 100;
2026-07-28T15:41:01+08:00,8768, 100;
2026-07-28T15:41:02+08:00,8768, 100;
2026-07-28T15:41:03+08:00,8768, 100;
2026-07-28T15:41:04+08:00,8768, 100;
2026-07-28T15:41:05+08:00,8768, 100;
2026-07-28T15:41:06+08:00,8768, 100;
2026-07-28T15:41:07+08:00,8768, 100;
2026-07-28T15:41:08+08:00,8768, 100;
2026-07-28T15:41:09+08:00,8768, 100;
2026-07-28T15:41:10+08:00,8768, 100;
2026-07-28T15:41:11+08:00,8768, 100;
2026-07-28T15:41:12+08:00,8768, 100;
2026-07-28T15:41:13+08:00,8768, 100;
2026-07-28T15:41:14+08:00,8768, 100;
2026-07-28T15:41:15+08:00,8768, 100;
2026-07-28T15:41:16+08:00,8768, 100;
2026-07-28T15:41:17+08:00,8768, 100;
2026-07-28T15:41:18+08:00,8768, 100;
2026-07-28T15:41:19+08:00,8768, 100;
2026-07-28T15:41:20+08:00,8768, 100;
2026-07-28T15:41:21+08:00,8768, 100;
2026-07-28T15:41:22+08:00,8768, 100;
2026-07-28T15:41:23+08:00,8768, 100;
2026-07-28T15:41:24+08:00,8768, 100;
2026-07-28T15:41:25+08:00,8768, 100;
2026-07-28T15:41:26+08:00,8768, 100;
2026-07-28T15:41:28+08:00,8768, 100;
2026-07-28T15:41:29+08:00,8768, 100;
2026-07-28T15:41:30+08:00,8768, 100;
2026-07-28T15:41:31+08:00,8768, 100;
2026-07-28T15:41:32+08:00,8768, 100;
2026-07-28T15:41:33+08:00,8768, 100;
2026-07-28T15:41:34+08:00,8768, 100;
2026-07-28T15:41:35+08:00,8768, 100;
2026-07-28T15:41:36+08:00,8768, 100;
2026-07-28T15:41:37+08:00,8768, 100;
2026-07-28T15:41:38+08:00,8768, 100;
2026-07-28T15:41:39+08:00,8768, 100;
2026-07-28T15:41:40+08:00,8768, 100;
2026-07-28T15:41:41+08:00,8768, 100;
2026-07-28T15:41:42+08:00,8768, 100;
2026-07-28T15:41:43+08:00,8768, 100;
2026-07-28T15:41:44+08:00,8768, 100;
2026-07-28T15:41:45+08:00,8768, 100;
2026-07-28T15:41:46+08:00,8768, 100;
2026-07-28T15:41:47+08:00,8768, 100;
2026-07-28T15:41:48+08:00,8768, 100;
2026-07-28T15:41:49+08:00,8768, 100;
2026-07-28T15:41:50+08:00,8768, 100;
2026-07-28T15:41:51+08:00,8768, 100;
2026-07-28T15:41:52+08:00,8768, 100;
2026-07-28T15:41:53+08:00,8768, 100;
2026-07-28T15:41:54+08:00,8768, 100;
2026-07-28T15:41:55+08:00,8768, 100;
2026-07-28T15:41:56+08:00,8768, 100;
2026-07-28T15:41:57+08:00,8768, 100;
2026-07-28T15:41:58+08:00,8768, 100;
2026-07-28T15:41:59+08:00,8768, 100;
2026-07-28T15:42:00+08:00,8768, 100;
2026-07-28T15:42:01+08:00,8768, 100;
2026-07-28T15:42:02+08:00,8768, 100;
2026-07-28T15:42:03+08:00,8768, 100;
2026-07-28T15:42:04+08:00,8768, 100;
2026-07-28T15:42:05+08:00,8768, 100;
2026-07-28T15:42:06+08:00,8768, 100;
2026-07-28T15:42:07+08:00,8768, 100;
2026-07-28T15:42:08+08:00,8768, 100;
2026-07-28T15:42:09+08:00,8768, 100;
2026-07-28T15:42:10+08:00,8768, 100;
2026-07-28T15:42:11+08:00,8768, 100;
2026-07-28T15:42:12+08:00,8768, 100;
2026-07-28T15:42:13+08:00,8768, 100;
2026-07-28T15:42:14+08:00,8768, 100;
2026-07-28T15:42:15+08:00,8768, 100;
2026-07-28T15:42:16+08:00,8768, 100;
2026-07-28T15:42:17+08:00,8768, 100;
2026-07-28T15:42:18+08:00,8768, 100;
2026-07-28T15:42:19+08:00,8768, 100;
2026-07-28T15:42:20+08:00,8768, 100;
2026-07-28T15:42:21+08:00,8768, 100;
2026-07-28T15:42:22+08:00,8768, 100;
2026-07-28T15:42:24+08:00,8768, 100;
2026-07-28T15:42:25+08:00,8768, 100;
2026-07-28T15:42:26+08:00,8768, 100;
2026-07-28T15:42:27+08:00,8768, 100;
2026-07-28T15:42:28+08:00,8768, 100;
2026-07-28T15:42:29+08:00,8768, 100;
2026-07-28T15:42:30+08:00,8768, 100;
2026-07-28T15:42:31+08:00,8768, 100;
2026-07-28T15:42:32+08:00,8768, 100;
2026-07-28T15:42:33+08:00,8768, 100;
2026-07-28T15:42:34+08:00,8768, 100;
2026-07-28T15:42:35+08:00,8768, 100;
2026-07-28T15:42:36+08:00,8768, 100;
2026-07-28T15:42:37+08:00,8768, 100;
2026-07-28T15:42:38+08:00,8768, 100;
2026-07-28T15:42:39+08:00,8768, 100;
2026-07-28T15:42:40+08:00,8768, 100;
2026-07-28T15:42:41+08:00,8768, 100;
2026-07-28T15:42:42+08:00,8768, 100;
2026-07-28T15:42:43+08:00,8768, 100;
2026-07-28T15:42:44+08:00,8768, 100;
2026-07-28T15:42:45+08:00,8768, 100;
2026-07-28T15:42:46+08:00,8768, 100;
2026-07-28T15:42:47+08:00,8768, 100;
2026-07-28T15:42:48+08:00,8768, 100;
2026-07-28T15:42:49+08:00,8768, 100;
2026-07-28T15:42:50+08:00,8768, 100;
2026-07-28T15:42:51+08:00,8768, 100;
2026-07-28T15:42:52+08:00,8768, 100;
2026-07-28T15:42:53+08:00,8768, 100;
2026-07-28T15:42:54+08:00,8768, 100;
2026-07-28T15:42:55+08:00,8768, 100;
2026-07-28T15:42:56+08:00,8768, 100;
2026-07-28T15:42:57+08:00,8768, 100;
2026-07-28T15:42:58+08:00,8768, 100;
2026-07-28T15:42:59+08:00,8768, 100;
2026-07-28T15:43:00+08:00,8768, 100;
2026-07-28T15:43:01+08:00,8768, 100;
2026-07-28T15:43:02+08:00,8768, 100;
2026-07-28T15:43:03+08:00,8768, 100;
2026-07-28T15:43:04+08:00,8768, 100;
2026-07-28T15:43:05+08:00,8768, 100;
2026-07-28T15:43:06+08:00,8768, 100;
2026-07-28T15:43:07+08:00,8768, 100;
2026-07-28T15:43:08+08:00,8768, 100;
2026-07-28T15:43:09+08:00,8768, 100;
2026-07-28T15:43:10+08:00,8768, 100;
2026-07-28T15:43:11+08:00,8768, 100;
2026-07-28T15:43:12+08:00,8768, 100;
2026-07-28T15:43:13+08:00,8768, 100;
2026-07-28T15:43:14+08:00,8768, 100;
2026-07-28T15:43:15+08:00,8768, 100;
2026-07-28T15:43:16+08:00,8768, 100;
2026-07-28T15:43:17+08:00,8768, 100;
2026-07-28T15:43:18+08:00,8768, 100;
2026-07-28T15:43:19+08:00,8768, 100;
2026-07-28T15:43:20+08:00,8768, 100;
2026-07-28T15:43:21+08:00,8768, 100;
2026-07-28T15:43:22+08:00,8768, 100;
2026-07-28T15:43:23+08:00,8768, 100;
2026-07-28T15:43:24+08:00,8768, 100;
2026-07-28T15:43:26+08:00,8768, 100;
2026-07-28T15:43:27+08:00,8768, 100;
2026-07-28T15:43:28+08:00,8768, 100;
2026-07-28T15:43:29+08:00,8768, 100;
2026-07-28T15:43:30+08:00,8768, 100;
2026-07-28T15:43:31+08:00,8768, 100;
2026-07-28T15:43:32+08:00,8768, 100;
2026-07-28T15:43:33+08:00,8768, 100;
2026-07-28T15:43:34+08:00,8768, 100;
2026-07-28T15:43:35+08:00,8768, 100;
2026-07-28T15:43:36+08:00,8768, 100;
2026-07-28T15:43:37+08:00,8768, 100;
2026-07-28T15:43:38+08:00,8768, 100;
2026-07-28T15:43:39+08:00,8768, 100;
2026-07-28T15:43:40+08:00,8768, 100;
2026-07-28T15:43:41+08:00,8768, 100;
2026-07-28T15:43:42+08:00,8768, 100;
2026-07-28T15:43:43+08:00,8768, 100;
2026-07-28T15:43:44+08:00,8768, 100;
2026-07-28T15:43:45+08:00,8768, 100;
2026-07-28T15:43:46+08:00,8768, 100;
2026-07-28T15:43:47+08:00,8768, 100;
2026-07-28T15:43:48+08:00,8768, 100;
2026-07-28T15:43:49+08:00,8768, 100;
2026-07-28T15:43:50+08:00,8768, 100;
2026-07-28T15:43:51+08:00,8768, 100;
2026-07-28T15:43:52+08:00,8768, 100;
2026-07-28T15:43:53+08:00,8768, 100;
2026-07-28T15:43:54+08:00,8768, 100;
2026-07-28T15:43:55+08:00,8768, 100;
2026-07-28T15:43:56+08:00,8768, 100;
2026-07-28T15:43:57+08:00,8768, 100;
2026-07-28T15:43:58+08:00,8768, 100;
2026-07-28T15:43:59+08:00,8768, 100;
2026-07-28T15:44:00+08:00,8768, 100;
2026-07-28T15:44:01+08:00,8768, 100;
2026-07-28T15:44:02+08:00,8768, 100;
2026-07-28T15:44:03+08:00,8768, 100;
2026-07-28T15:44:04+08:00,8768, 100;
2026-07-28T15:44:05+08:00,8768, 100;
2026-07-28T15:44:06+08:00,8768, 100;
2026-07-28T15:44:07+08:00,8768, 100;
2026-07-28T15:44:08+08:00,8768, 100;
2026-07-28T15:44:09+08:00,8768, 100;
2026-07-28T15:44:10+08:00,8768, 100;
2026-07-28T15:44:11+08:00,8768, 100;
2026-07-28T15:44:12+08:00,8768, 100;
2026-07-28T15:44:13+08:00,8768, 100;
2026-07-28T15:44:14+08:00,8768, 100;
2026-07-28T15:44:15+08:00,8768, 100;
2026-07-28T15:44:16+08:00,8768, 100;
2026-07-28T15:44:17+08:00,8768, 100;
2026-07-28T15:44:18+08:00,8768, 100;
2026-07-28T15:44:19+08:00,8768, 100;
2026-07-28T15:44:20+08:00,8768, 100;
2026-07-28T15:44:21+08:00,8768, 100;
2026-07-28T15:44:22+08:00,8768, 100;
2026-07-28T15:44:23+08:00,8768, 100;
2026-07-28T15:44:25+08:00,8768, 100;
2026-07-28T15:44:26+08:00,8768, 100;
2026-07-28T15:44:27+08:00,8768, 100;
2026-07-28T15:44:28+08:00,8768, 100;
2026-07-28T15:44:29+08:00,8768, 100;
2026-07-28T15:44:30+08:00,8768, 99;
2026-07-28T15:44:31+08:00,8768, 99;
2026-07-28T15:44:32+08:00,8768, 100;
2026-07-28T15:44:33+08:00,8768, 100;
2026-07-28T15:44:34+08:00,8768, 100;
2026-07-28T15:44:35+08:00,8768, 100;
2026-07-28T15:44:36+08:00,8768, 100;
2026-07-28T15:44:37+08:00,8768, 100;
2026-07-28T15:44:38+08:00,8768, 100;
2026-07-28T15:44:39+08:00,8768, 100;
2026-07-28T15:44:40+08:00,8768, 100;
2026-07-28T15:44:41+08:00,8768, 100;
2026-07-28T15:44:42+08:00,8768, 100;
2026-07-28T15:44:43+08:00,8768, 100;
2026-07-28T15:44:44+08:00,8768, 100;
2026-07-28T15:44:45+08:00,8768, 100;
2026-07-28T15:44:46+08:00,8768, 100;
2026-07-28T15:44:47+08:00,8768, 100;
2026-07-28T15:44:48+08:00,8768, 100;
2026-07-28T15:44:49+08:00,8768, 100;
2026-07-28T15:44:50+08:00,8768, 100;
2026-07-28T15:44:51+08:00,8768, 100;
2026-07-28T15:44:52+08:00,8768, 100;
2026-07-28T15:44:53+08:00,8768, 100;
2026-07-28T15:44:54+08:00,8768, 100;
2026-07-28T15:44:55+08:00,8768, 100;
2026-07-28T15:44:56+08:00,8768, 100;
2026-07-28T15:44:57+08:00,8768, 100;
2026-07-28T15:44:58+08:00,8768, 100;
2026-07-28T15:44:59+08:00,8768, 100;
2026-07-28T15:45:00+08:00,8768, 100;
2026-07-28T15:45:01+08:00,8768, 100;
2026-07-28T15:45:02+08:00,8768, 100;
2026-07-28T15:45:03+08:00,8768, 100;
2026-07-28T15:45:04+08:00,8768, 100;
2026-07-28T15:45:05+08:00,8768, 100;
2026-07-28T15:45:06+08:00,8768, 100;
2026-07-28T15:45:07+08:00,8768, 100;
2026-07-28T15:45:08+08:00,8768, 100;
2026-07-28T15:45:09+08:00,8768, 100;
2026-07-28T15:45:10+08:00,8768, 100;
2026-07-28T15:45:11+08:00,8768, 100;
2026-07-28T15:45:12+08:00,8768, 100;
2026-07-28T15:45:13+08:00,8768, 100;
2026-07-28T15:45:14+08:00,8768, 100;
2026-07-28T15:45:15+08:00,8768, 100;
2026-07-28T15:45:16+08:00,8768, 100;
2026-07-28T15:45:17+08:00,8768, 100;
2026-07-28T15:45:18+08:00,8768, 100;
2026-07-28T15:45:19+08:00,8768, 100;
2026-07-28T15:45:21+08:00,8768, 100;
2026-07-28T15:45:22+08:00,8768, 100;
2026-07-28T15:45:23+08:00,8768, 100;
2026-07-28T15:45:24+08:00,8768, 100;
2026-07-28T15:45:25+08:00,8768, 100;
2026-07-28T15:45:26+08:00,8768, 100;
2026-07-28T15:45:27+08:00,8768, 100;
2026-07-28T15:45:28+08:00,8768, 100;
2026-07-28T15:45:29+08:00,8768, 100;
2026-07-28T15:45:30+08:00,8768, 100;
2026-07-28T15:45:31+08:00,8768, 100;
2026-07-28T15:45:32+08:00,8768, 100;
2026-07-28T15:45:33+08:00,8768, 100;
2026-07-28T15:45:34+08:00,8768, 100;
2026-07-28T15:45:35+08:00,8768, 100;
2026-07-28T15:45:36+08:00,8768, 100;
2026-07-28T15:45:37+08:00,8768, 100;
2026-07-28T15:45:38+08:00,8768, 100;
2026-07-28T15:45:39+08:00,8768, 100;
2026-07-28T15:45:40+08:00,8768, 100;
2026-07-28T15:45:41+08:00,8768, 100;
2026-07-28T15:45:42+08:00,8768, 100;
2026-07-28T15:45:43+08:00,8768, 100;
2026-07-28T15:45:44+08:00,8768, 100;
2026-07-28T15:45:45+08:00,8768, 100;
2026-07-28T15:45:46+08:00,8768, 100;
2026-07-28T15:45:47+08:00,8768, 100;
2026-07-28T15:45:48+08:00,8768, 100;
2026-07-28T15:45:49+08:00,8768, 100;
2026-07-28T15:45:50+08:00,8768, 100;
2026-07-28T15:45:51+08:00,8768, 100;
2026-07-28T15:45:52+08:00,8768, 100;
2026-07-28T15:45:53+08:00,8768, 100;
2026-07-28T15:45:54+08:00,8768, 100;
2026-07-28T15:45:55+08:00,8768, 100;
2026-07-28T15:45:56+08:00,8768, 100;
2026-07-28T15:45:57+08:00,8768, 100;
2026-07-28T15:45:58+08:00,8768, 100;
2026-07-28T15:45:59+08:00,8768, 100;
2026-07-28T15:46:00+08:00,8768, 100;
2026-07-28T15:46:01+08:00,8768, 100;
2026-07-28T15:46:02+08:00,8768, 100;
2026-07-28T15:46:03+08:00,8768, 100;
2026-07-28T15:46:04+08:00,8768, 100;
2026-07-28T15:46:05+08:00,8768, 100;
2026-07-28T15:46:06+08:00,8768, 100;
2026-07-28T15:46:07+08:00,8768, 100;
2026-07-28T15:46:08+08:00,8768, 100;
2026-07-28T15:46:09+08:00,8768, 100;
2026-07-28T15:46:10+08:00,8768, 100;
2026-07-28T15:46:11+08:00,8768, 100;
2026-07-28T15:46:12+08:00,8768, 100;
2026-07-28T15:46:13+08:00,8768, 100;
2026-07-28T15:46:14+08:00,8768, 100;
2026-07-28T15:46:16+08:00,8768, 100;
2026-07-28T15:46:17+08:00,8768, 100;
2026-07-28T15:46:18+08:00,8768, 100;
2026-07-28T15:46:19+08:00,8768, 100;
2026-07-28T15:46:20+08:00,8768, 100;
2026-07-28T15:46:21+08:00,8768, 100;
2026-07-28T15:46:22+08:00,8768, 100;
2026-07-28T15:46:23+08:00,8768, 100;
2026-07-28T15:46:24+08:00,8768, 100;
2026-07-28T15:46:25+08:00,8768, 100;
2026-07-28T15:46:26+08:00,8768, 100;
2026-07-28T15:46:27+08:00,8768, 100;
2026-07-28T15:46:28+08:00,8768, 100;
2026-07-28T15:46:29+08:00,8768, 100;
2026-07-28T15:46:30+08:00,8768, 100;
2026-07-28T15:46:31+08:00,8768, 100;
2026-07-28T15:46:32+08:00,8768, 100;
2026-07-28T15:46:33+08:00,8768, 100;
2026-07-28T15:46:34+08:00,8768, 100;
2026-07-28T15:46:35+08:00,8768, 100;
2026-07-28T15:46:36+08:00,8768, 100;
2026-07-28T15:46:37+08:00,8768, 100;
2026-07-28T15:46:38+08:00,8768, 100;
2026-07-28T15:46:39+08:00,8768, 100;
2026-07-28T15:46:40+08:00,8768, 100;
2026-07-28T15:46:41+08:00,8768, 100;
2026-07-28T15:46:42+08:00,8768, 100;
2026-07-28T15:46:43+08:00,8768, 100;
2026-07-28T15:46:44+08:00,8768, 100;
2026-07-28T15:46:45+08:00,8768, 100;
2026-07-28T15:46:46+08:00,8768, 100;
2026-07-28T15:46:47+08:00,8768, 100;
2026-07-28T15:46:48+08:00,8768, 100;
2026-07-28T15:46:49+08:00,8768, 100;
2026-07-28T15:46:50+08:00,8768, 100;
2026-07-28T15:46:51+08:00,8768, 100;
2026-07-28T15:46:52+08:00,8768, 100;
2026-07-28T15:46:53+08:00,8768, 100;
2026-07-28T15:46:54+08:00,8768, 100;
2026-07-28T15:46:55+08:00,8768, 100;
2026-07-28T15:46:56+08:00,8768, 100;
2026-07-28T15:46:57+08:00,8768, 100;
2026-07-28T15:46:58+08:00,8768, 100;
2026-07-28T15:46:59+08:00,8768, 100;
2026-07-28T15:47:00+08:00,8768, 100;
2026-07-28T15:47:01+08:00,8768, 100;
2026-07-28T15:47:02+08:00,8768, 100;
2026-07-28T15:47:03+08:00,8768, 100;
2026-07-28T15:47:04+08:00,8768, 100;
2026-07-28T15:47:05+08:00,8768, 100;
2026-07-28T15:47:06+08:00,8768, 100;
2026-07-28T15:47:07+08:00,8768, 100;
2026-07-28T15:47:08+08:00,8768, 100;
2026-07-28T15:47:09+08:00,8768, 100;
2026-07-28T15:47:10+08:00,8768, 100;
2026-07-28T15:47:12+08:00,8768, 100;
2026-07-28T15:47:13+08:00,8768, 100;
2026-07-28T15:47:14+08:00,8768, 100;
2026-07-28T15:47:15+08:00,8768, 100;
2026-07-28T15:47:16+08:00,8768, 100;
2026-07-28T15:47:17+08:00,8768, 100;
2026-07-28T15:47:18+08:00,8768, 100;
2026-07-28T15:47:19+08:00,8768, 100;
2026-07-28T15:47:20+08:00,8768, 100;
2026-07-28T15:47:21+08:00,8768, 100;
2026-07-28T15:47:22+08:00,8768, 100;
2026-07-28T15:47:23+08:00,8768, 100;
2026-07-28T15:47:24+08:00,8768, 100;
2026-07-28T15:47:25+08:00,8768, 100;
2026-07-28T15:47:26+08:00,8768, 100;
2026-07-28T15:47:27+08:00,8768, 100;
2026-07-28T15:47:28+08:00,8768, 100;
2026-07-28T15:47:29+08:00,8768, 100;
2026-07-28T15:47:30+08:00,8768, 100;
