method,dataset,target,auc_mean,auc_std,accuracy_mean,accuracy_std,ap_mean,ap_std
univfd,genimage,BigGAN,0.74321550,0.00000000,0.54408333,0.00000000,0.71830325,0.00000000
univfd,genimage,ADM,0.62520011,0.00000000,0.51408333,0.00000000,0.59964946,0.00000000
univfd,genimage,glide,0.82390889,0.00000000,0.61500000,0.00000000,0.81344991,0.00000000
univfd,genimage,stable_diffusion_v_1_5,0.95104730,0.00000000,0.78562500,0.00000000,0.94575745,0.00000000
univfd,genimage,VQDM,0.68375871,0.00000000,0.52800000,0.00000000,0.66393094,0.00000000
univfd,genimage,wukong,0.90416104,0.00000000,0.69975000,0.00000000,0.89913169,0.00000000
univfd,genimage,Midjourney,0.86938278,0.00000000,0.69258333,0.00000000,0.87167320,0.00000000
univfd,genimage,Mean,0.80009633,0.00000000,0.62558929,0.00000000,,
univfd,aigc_detection_benchmark,ProGAN,0.77232650,0.00000000,0.66400000,0.00000000,0.71503431,0.00000000
univfd,aigc_detection_benchmark,StyleGAN,0.59883650,0.00000000,0.52900000,0.00000000,0.57942319,0.00000000
univfd,aigc_detection_benchmark,BigGAN,0.76008600,0.00000000,0.53150000,0.00000000,0.73123291,0.00000000
univfd,aigc_detection_benchmark,CycleGAN,0.79198850,0.00000000,0.63200000,0.00000000,0.75101980,0.00000000
univfd,aigc_detection_benchmark,StarGAN,0.83232050,0.00000000,0.70650000,0.00000000,0.80545935,0.00000000
univfd,aigc_detection_benchmark,GauGAN,0.86039850,0.00000000,0.58550000,0.00000000,0.84142059,0.00000000
univfd,aigc_detection_benchmark,StyleGAN2,0.56065400,0.00000000,0.50300000,0.00000000,0.53039121,0.00000000
univfd,aigc_detection_benchmark,WFIR,0.61264850,0.00000000,0.53450000,0.00000000,0.57008764,0.00000000
univfd,aigc_detection_benchmark,ADM,0.61555200,0.00000000,0.50950000,0.00000000,0.59386161,0.00000000
univfd,aigc_detection_benchmark,GLIDE,0.82838400,0.00000000,0.60550000,0.00000000,0.81326470,0.00000000
univfd,aigc_detection_benchmark,Midjourney,0.86734950,0.00000000,0.67850000,0.00000000,0.86820528,0.00000000
univfd,aigc_detection_benchmark,SD v1.4,0.94777300,0.00000000,0.78600000,0.00000000,0.94289719,0.00000000
univfd,aigc_detection_benchmark,SD v1.5,0.95543100,0.00000000,0.77700000,0.00000000,0.94788452,0.00000000
univfd,aigc_detection_benchmark,VQDM,0.67614650,0.00000000,0.51650000,0.00000000,0.64155962,0.00000000
univfd,aigc_detection_benchmark,Wukong,0.91036850,0.00000000,0.69000000,0.00000000,0.89972682,0.00000000
univfd,aigc_detection_benchmark,DALL-E2,0.75939650,0.00000000,0.58450000,0.00000000,0.75461951,0.00000000
univfd,aigc_detection_benchmark,SDXL,0.88813700,0.00000000,0.69100000,0.00000000,0.88857248,0.00000000
univfd,aigc_detection_benchmark,Mean,0.77869394,0.00000000,0.61908824,0.00000000,,
univfd,aigi_holmes_p3,Janus,0.72281500,0.00000000,0.54350000,0.00000000,0.69748529,0.00000000
univfd,aigi_holmes_p3,Janus-Pro-1B,0.92680850,0.00000000,0.68900000,0.00000000,0.91981747,0.00000000
univfd,aigi_holmes_p3,Janus-Pro-7B,0.88230450,0.00000000,0.66100000,0.00000000,0.87021336,0.00000000
univfd,aigi_holmes_p3,Show-o,0.95151700,0.00000000,0.78450000,0.00000000,0.95040622,0.00000000
univfd,aigi_holmes_p3,LlamaGen,0.94627100,0.00000000,0.73150000,0.00000000,0.93579402,0.00000000
univfd,aigi_holmes_p3,Infinity,0.95715300,0.00000000,0.81250000,0.00000000,0.95297545,0.00000000
univfd,aigi_holmes_p3,VAR,0.71107300,0.00000000,0.52900000,0.00000000,0.67966736,0.00000000
univfd,aigi_holmes_p3,PixArt-XL,0.93652400,0.00000000,0.76000000,0.00000000,0.92895558,0.00000000
univfd,aigi_holmes_p3,SD3.5-L,0.83657450,0.00000000,0.57850000,0.00000000,0.80545649,0.00000000
univfd,aigi_holmes_p3,FLUX,0.92073550,0.00000000,0.72950000,0.00000000,0.91289625,0.00000000
univfd,aigi_holmes_p3,Mean,0.87917760,0.00000000,0.68190000,0.00000000,,
univfd,opensdid_global,SD1.5,0.93673550,0.00000000,0.74500000,0.00000000,0.93486501,0.00000000
univfd,opensdid_global,SD2.1,0.93935400,0.00000000,0.75600000,0.00000000,0.93250079,0.00000000
univfd,opensdid_global,SDXL,0.88669850,0.00000000,0.69150000,0.00000000,0.89611976,0.00000000
univfd,opensdid_global,SD3,0.93273500,0.00000000,0.73050000,0.00000000,0.92893291,0.00000000
univfd,opensdid_global,Flux.1,0.92115250,0.00000000,0.72650000,0.00000000,0.91371251,0.00000000
univfd,opensdid_global,Mean,0.92333510,0.00000000,0.72990000,0.00000000,,
rine,genimage,BigGAN,0.87246749,0.00000000,0.50300000,0.00000000,0.84578976,0.00000000
rine,genimage,ADM,0.63816721,0.00000000,0.50033333,0.00000000,0.61307884,0.00000000
rine,genimage,glide,0.82854604,0.00000000,0.50591667,0.00000000,0.80385810,0.00000000
rine,genimage,stable_diffusion_v_1_5,0.99222208,0.00000000,0.79187500,0.00000000,0.99182595,0.00000000
rine,genimage,VQDM,0.76322951,0.00000000,0.50816667,0.00000000,0.74002773,0.00000000
rine,genimage,wukong,0.97750446,0.00000000,0.68291667,0.00000000,0.97648545,0.00000000
rine,genimage,Midjourney,0.85378062,0.00000000,0.52666667,0.00000000,0.85324156,0.00000000
rine,genimage,Mean,0.84655963,0.00000000,0.57412500,0.00000000,,
rine,aigc_detection_benchmark,ProGAN,0.79430450,0.00000000,0.52150000,0.00000000,0.77811730,0.00000000
rine,aigc_detection_benchmark,StyleGAN,0.73770600,0.00000000,0.50700000,0.00000000,0.71051135,0.00000000
rine,aigc_detection_benchmark,BigGAN,0.78263600,0.00000000,0.50450000,0.00000000,0.74789315,0.00000000
rine,aigc_detection_benchmark,CycleGAN,0.84386100,0.00000000,0.58050000,0.00000000,0.82824911,0.00000000
rine,aigc_detection_benchmark,StarGAN,0.78913800,0.00000000,0.50100000,0.00000000,0.77491458,0.00000000
rine,aigc_detection_benchmark,GauGAN,0.83985750,0.00000000,0.50900000,0.00000000,0.82049343,0.00000000
rine,aigc_detection_benchmark,StyleGAN2,0.75145350,0.00000000,0.50500000,0.00000000,0.72517561,0.00000000
rine,aigc_detection_benchmark,WFIR,0.71423350,0.00000000,0.50750000,0.00000000,0.66985582,0.00000000
rine,aigc_detection_benchmark,ADM,0.62163800,0.00000000,0.49950000,0.00000000,0.60201150,0.00000000
rine,aigc_detection_benchmark,GLIDE,0.83415050,0.00000000,0.51000000,0.00000000,0.80585395,0.00000000
rine,aigc_detection_benchmark,Midjourney,0.84787400,0.00000000,0.53000000,0.00000000,0.84839329,0.00000000
rine,aigc_detection_benchmark,SD v1.4,0.99131800,0.00000000,0.79950000,0.00000000,0.99081877,0.00000000
rine,aigc_detection_benchmark,SD v1.5,0.99175900,0.00000000,0.79550000,0.00000000,0.99166743,0.00000000
rine,aigc_detection_benchmark,VQDM,0.75577650,0.00000000,0.50650000,0.00000000,0.72799887,0.00000000
rine,aigc_detection_benchmark,Wukong,0.97874350,0.00000000,0.69050000,0.00000000,0.97896046,0.00000000
rine,aigc_detection_benchmark,DALL-E2,0.69060600,0.00000000,0.50300000,0.00000000,0.66868759,0.00000000
rine,aigc_detection_benchmark,SDXL,0.93342200,0.00000000,0.53550000,0.00000000,0.92460798,0.00000000
rine,aigc_detection_benchmark,Mean,0.81755750,0.00000000,0.55917647,0.00000000,,
rine,aigi_holmes_p3,Janus,0.72541500,0.00000000,0.50200000,0.00000000,0.68033041,0.00000000
rine,aigi_holmes_p3,Janus-Pro-1B,0.83231550,0.00000000,0.51750000,0.00000000,0.82054312,0.00000000
rine,aigi_holmes_p3,Janus-Pro-7B,0.81272700,0.00000000,0.50550000,0.00000000,0.77256679,0.00000000
rine,aigi_holmes_p3,Show-o,0.95275850,0.00000000,0.54950000,0.00000000,0.94818665,0.00000000
rine,aigi_holmes_p3,LlamaGen,0.95020750,0.00000000,0.53850000,0.00000000,0.93858732,0.00000000
rine,aigi_holmes_p3,Infinity,0.91714850,0.00000000,0.51400000,0.00000000,0.89039397,0.00000000
rine,aigi_holmes_p3,VAR,0.69780950,0.00000000,0.50400000,0.00000000,0.67842281,0.00000000
rine,aigi_holmes_p3,PixArt-XL,0.93330350,0.00000000,0.53150000,0.00000000,0.91823728,0.00000000
rine,aigi_holmes_p3,SD3.5-L,0.88521950,0.00000000,0.50350000,0.00000000,0.86354450,0.00000000
rine,aigi_holmes_p3,FLUX,0.89690350,0.00000000,0.52500000,0.00000000,0.87692165,0.00000000
rine,aigi_holmes_p3,Mean,0.86038080,0.00000000,0.51910000,0.00000000,,
rine,opensdid_global,SD1.5,0.98427600,0.00000000,0.71250000,0.00000000,0.98465504,0.00000000
rine,opensdid_global,SD2.1,0.95856500,0.00000000,0.60800000,0.00000000,0.95517216,0.00000000
rine,opensdid_global,SDXL,0.92110900,0.00000000,0.52700000,0.00000000,0.90457785,0.00000000
rine,opensdid_global,SD3,0.91893600,0.00000000,0.53250000,0.00000000,0.91127780,0.00000000
rine,opensdid_global,Flux.1,0.89180750,0.00000000,0.50600000,0.00000000,0.87422536,0.00000000
rine,opensdid_global,Mean,0.93493870,0.00000000,0.57720000,0.00000000,,
npr,genimage,BigGAN,0.28027597,0.00000000,0.49666667,0.00000000,0.39038216,0.00000000
npr,genimage,ADM,0.36904821,0.00000000,0.49841667,0.00000000,0.40776842,0.00000000
npr,genimage,glide,0.42735400,0.00000000,0.50375000,0.00000000,0.46285965,0.00000000
npr,genimage,stable_diffusion_v_1_5,0.67855267,0.00000000,0.53912500,0.00000000,0.70837172,0.00000000
npr,genimage,VQDM,0.35242868,0.00000000,0.49816667,0.00000000,0.40727877,0.00000000
npr,genimage,wukong,0.67667904,0.00000000,0.54391667,0.00000000,0.70644138,0.00000000
npr,genimage,Midjourney,0.51039289,0.00000000,0.50141667,0.00000000,0.50258715,0.00000000
npr,genimage,Mean,0.47067592,0.00000000,0.51163690,0.00000000,,
npr,aigc_detection_benchmark,ProGAN,0.48411950,0.00000000,0.50050000,0.00000000,0.48747712,0.00000000
npr,aigc_detection_benchmark,StyleGAN,0.38582600,0.00000000,0.49950000,0.00000000,0.43198909,0.00000000
npr,aigc_detection_benchmark,BigGAN,0.44890600,0.00000000,0.49350000,0.00000000,0.45711502,0.00000000
npr,aigc_detection_benchmark,CycleGAN,0.68037300,0.00000000,0.52600000,0.00000000,0.68213233,0.00000000
npr,aigc_detection_benchmark,StarGAN,0.46427250,0.00000000,0.50000000,0.00000000,0.46740370,0.00000000
npr,aigc_detection_benchmark,GauGAN,0.38080100,0.00000000,0.49900000,0.00000000,0.42010031,0.00000000
npr,aigc_detection_benchmark,StyleGAN2,0.44621100,0.00000000,0.49900000,0.00000000,0.46219010,0.00000000
npr,aigc_detection_benchmark,WFIR,0.45276250,0.00000000,0.50000000,0.00000000,0.47317612,0.00000000
npr,aigc_detection_benchmark,ADM,0.36934450,0.00000000,0.50000000,0.00000000,0.40627778,0.00000000
npr,aigc_detection_benchmark,GLIDE,0.42490200,0.00000000,0.50200000,0.00000000,0.46067871,0.00000000
npr,aigc_detection_benchmark,Midjourney,0.51583600,0.00000000,0.50250000,0.00000000,0.51160828,0.00000000
npr,aigc_detection_benchmark,SD v1.4,0.68437500,0.00000000,0.54250000,0.00000000,0.71249538,0.00000000
npr,aigc_detection_benchmark,SD v1.5,0.70899950,0.00000000,0.54000000,0.00000000,0.73099357,0.00000000
npr,aigc_detection_benchmark,VQDM,0.36454550,0.00000000,0.49550000,0.00000000,0.41218515,0.00000000
npr,aigc_detection_benchmark,Wukong,0.66159300,0.00000000,0.54800000,0.00000000,0.70116031,0.00000000
npr,aigc_detection_benchmark,DALL-E2,0.38578700,0.00000000,0.50150000,0.00000000,0.45318100,0.00000000
npr,aigc_detection_benchmark,SDXL,0.50233950,0.00000000,0.50300000,0.00000000,0.52988073,0.00000000
npr,aigc_detection_benchmark,Mean,0.49182315,0.00000000,0.50897059,0.00000000,,
npr,aigi_holmes_p3,Janus,0.50498600,0.00000000,0.50050000,0.00000000,0.51562551,0.00000000
npr,aigi_holmes_p3,Janus-Pro-1B,0.43287250,0.00000000,0.50250000,0.00000000,0.47238737,0.00000000
npr,aigi_holmes_p3,Janus-Pro-7B,0.43739600,0.00000000,0.50000000,0.00000000,0.46041343,0.00000000
npr,aigi_holmes_p3,Show-o,0.45348000,0.00000000,0.50050000,0.00000000,0.45555058,0.00000000
npr,aigi_holmes_p3,LlamaGen,0.77683900,0.00000000,0.53900000,0.00000000,0.79935303,0.00000000
npr,aigi_holmes_p3,Infinity,0.51846800,0.00000000,0.50050000,0.00000000,0.51475985,0.00000000
npr,aigi_holmes_p3,VAR,0.49108400,0.00000000,0.50250000,0.00000000,0.52304530,0.00000000
npr,aigi_holmes_p3,PixArt-XL,0.61794600,0.00000000,0.49950000,0.00000000,0.59864473,0.00000000
npr,aigi_holmes_p3,SD3.5-L,0.41057150,0.00000000,0.49900000,0.00000000,0.43639874,0.00000000
npr,aigi_holmes_p3,FLUX,0.57817300,0.00000000,0.50450000,0.00000000,0.57980051,0.00000000
npr,aigi_holmes_p3,Mean,0.52218160,0.00000000,0.50485000,0.00000000,,
npr,opensdid_global,SD1.5,0.68986700,0.00000000,0.52850000,0.00000000,0.72123482,0.00000000
npr,opensdid_global,SD2.1,0.65531500,0.00000000,0.51350000,0.00000000,0.68068031,0.00000000
npr,opensdid_global,SDXL,0.47520650,0.00000000,0.50200000,0.00000000,0.50002604,0.00000000
npr,opensdid_global,SD3,0.57535750,0.00000000,0.50400000,0.00000000,0.56701012,0.00000000
npr,opensdid_global,Flux.1,0.50008350,0.00000000,0.50050000,0.00000000,0.49592744,0.00000000
npr,opensdid_global,Mean,0.57916590,0.00000000,0.50970000,0.00000000,,
